path,bytes,sha256,extension,license_status,license_evidence,technical_status,width,height
itch/loose/!breakable_TF_3x.png,12540,b6c444cf65b6e7eec08357c883fb6301c644d05bb405c64f2b7b275e9a83b80a,png,covered_by_folder_license,itch/loose/license.txt,ok_png,576,768
itch/loose/!tf_insidebelly_tentacle_3.png,16498,a1340e8193b37bd935793ef2cb7e858e4c1111c1734d3fc60eaeec029ac79c10,png,covered_by_folder_license,itch/loose/license.txt,ok_png,576,768
itch/loose/airship_baloon_big_e_3.png,31476,6ec222b0c86f021f4bf62cfcaa530792c3eaafbec1fd77dc78cfe3e65f4fe3d1,png,covered_by_folder_license,itch/loose/license.txt,ok_png,768,864
itch/loose/airshipA_3.png,12382,a497e9b79cd7cceb5f896e21e07ffad92e6c0e772a8542ef2439c4c54d884d16,png,covered_by_folder_license,itch/loose/license.txt,ok_png,432,768
itch/loose/airshipA_shadow_3.png,12721,88266e18c50bdc69279025237028f2d55863b3f1e038c6de2b20953b1fab85cb,png,covered_by_folder_license,itch/loose/license.txt,ok_png,432,768
itch/loose/alien_new_3.png,5927,46c26f9899a638b74cb15d773b90658308f17b69dd70871cddd6d62752224c60,png,covered_by_folder_license,itch/loose/license.txt,ok_png,234,432
itch/loose/animation_slime_effects_3x.png,8619,7735b891a247a1d4be2300f880036f458599b7d02b0f52b1bd9bb0efe71287c5,png,covered_by_folder_license,itch/loose/license.txt,ok_png,960,960
itch/loose/astronaut_walk_shadow_t_3xf.png,7927,2d4f4e6b12be9b60520f8bf33aafda03f666f511d30456e61186a1b6e8ef54d5,png,covered_by_folder_license,itch/loose/license.txt,ok_png,414,576
itch/loose/astronaut_walk_tf_3x.png,7804,69b82da95d4b526f60d59733c76c673ad0c4b736bfe5dfd47589a19c35b3ff2d,png,covered_by_folder_license,itch/loose/license.txt,ok_png,414,576
itch/loose/autumnbrush_3.png,6152,9bed233b2f2a948cdafa95756ac5928f27e746fa4540daf3c4a9da83bc90f7bb,png,covered_by_folder_license,itch/loose/license.txt,ok_png,240,240
itch/loose/babayagahut_charsheet_3.png,133917,34f10de72a0074b4487e6f5467327259167900bc2ec78444fade61d1081fba58,png,covered_by_folder_license,itch/loose/license.txt,ok_png,1008,1920
itch/loose/babayagahut_charsheet_shadow_3.png,135079,440f5ec82f283493dc4032c91bf8410fdc1ea7eb51f4409769e1d8066ada2d5d,png,covered_by_folder_license,itch/loose/license.txt,ok_png,1008,1920
itch/loose/bakery_tiles_3.png,20539,53d50ec41ab9dea65c05b2fc920883b7edc21985e69139cf81e25e2faa58d3e2,png,covered_by_folder_license,itch/loose/license.txt,ok_png,432,528
itch/loose/baking_oven_anim_3x.png,10520,fab9f7350f8bf9587f0230125232eee202c5eea6be205301e0dbac81c79de42c,png,covered_by_folder_license,itch/loose/license.txt,ok_png,576,384
itch/loose/baking_oven_anim_tf_3x.png,10668,bfea5ee7be5545df91b951f6562553dbe6405c2cdef13da5c32041fb9aecb203,png,covered_by_folder_license,itch/loose/license.txt,ok_png,576,384
itch/loose/bandits_down_A_3x.png,4964,1c9dc836131b4a49e209fc97d64024941905c7c8ad098620aca9856ffdbfc2b0,png,covered_by_folder_license,itch/loose/license.txt,ok_png,234,432
itch/loose/bandits_down_B_3x.png,5129,5210e93d643633b7d20d4f41d90c028818ad7553435790393cb2101eff4613d9,png,covered_by_folder_license,itch/loose/license.txt,ok_png,234,432
itch/loose/bartiles_3.png,8313,b08d3540b04b1605da19a5fb20d94c6c337d811d450f0453ccec7bc96f9b7149,png,covered_by_folder_license,itch/loose/license.txt,ok_png,336,384
itch/loose/base_anim_axeswing_3.png,10039,db14418ebf0394adeb65e709e75dd713bdcfe7fdaf6357da81f91d3024870f44,png,covered_by_folder_license,itch/loose/license.txt,ok_png,468,576
itch/loose/base_anim_axeswing_emptyhanded_3.png,7428,a98b5c42e1a01e48cdf5d75a785176495a1265dcc51192c57db0558928ed4598,png,covered_by_folder_license,itch/loose/license.txt,ok_png,468,576
itch/loose/base_anim_flinch_3.png,7912,21f976774e5e331695379700475f5526cc8db88dc2fc148e890399f07b7a0547,png,covered_by_folder_license,itch/loose/license.txt,ok_png,414,576
itch/loose/base_anim_punch_3.png,7878,d8e30b0f95136a5d9a797fb3def32b3a88def115c21c2acf733077c5a7da4c35,png,covered_by_folder_license,itch/loose/license.txt,ok_png,414,576
itch/loose/base_climb_3.png,7631,664e82eebe8c17b582109d3984cffe212f562095a96e9ba5464c134507838eee,png,covered_by_folder_license,itch/loose/license.txt,ok_png,414,576
itch/loose/base_female_single_3.png,5856,c64756514babec2c83eb7c3fa9eedd152699231b26c12f095e13060c40eae6a0,png,covered_by_folder_license,itch/loose/license.txt,ok_png,234,432
itch/loose/base_fishing_cast_3.png,14064,343143820192ee780e9e885563a3ef9fc343a982c3e5eb25733f3fc8b6f30d5b,png,covered_by_folder_license,itch/loose/license.txt,ok_png,936,768
itch/loose/base_fishing_reel_3.png,10243,07047ffe51233227fc25c2fcd505a54658cf16ced142956045c29332d2a8b802,png,covered_by_folder_license,itch/loose/license.txt,ok_png,936,768
itch/loose/base_fishing_wait_3.png,8978,999701df033c742dc6055122cac3af1c609598ce6fc87de4b092044824c75365,png,covered_by_folder_license,itch/loose/license.txt,ok_png,936,768
itch/loose/base_jockey_f_single_3.png,4097,d22cd704058b82df33cd8deb0a64100bcbea72f5d4f1036368fc34536b320dbd,png,covered_by_folder_license,itch/loose/license.txt,ok_png,234,432
itch/loose/base_jockey_m_single_3.png,3898,146af97c9896c89a0d2db2df04bb57c262e492af208e8678cb5ab11ef1153baf,png,covered_by_folder_license,itch/loose/license.txt,ok_png,234,432
itch/loose/base_jump_3.png,4244,25cb9f5b697ddb9c6d3c61393fceb35d344aec56bd0360693d282ba391ef9804,png,covered_by_folder_license,itch/loose/license.txt,ok_png,234,432
itch/loose/base_run_shadow_3.png,6509,282b3d82ce6cb6605e2fd5730f4b93a46ecac4aab9297eeef2d5b590a7d58b55,png,covered_by_folder_license,itch/loose/license.txt,ok_png,234,432
itch/loose/base_run_shadowless_3.png,6476,6999be7f8892449a25851feb9fccf3e783acb087b3d3ba62381a878db2b4e1c8,png,covered_by_folder_license,itch/loose/license.txt,ok_png,234,432
itch/loose/base_staff_mv.png,24453,bef1c291b826cca5e9dd4e7133c688d07885ced9dc952f97790343e93f3c40a9,png,covered_by_folder_license,itch/loose/license.txt,ok_png,1296,864
itch/loose/base_sword_mv.png,23937,b2b0121014a5c50387c0e58f65da660d56a0561911324b53ea528e141fd2ed57,png,covered_by_folder_license,itch/loose/license.txt,ok_png,1296,864
itch/loose/bat_elf-1_5_sheet_3x.png,29154,e2e1a79f278f2eeadc473b0acb8f9e66cd7033d262487e7f82094ecdfec8ece7,png,covered_by_folder_license,itch/loose/license.txt,ok_png,1296,864
itch/loose/bathroom_3.png,3973,164b077e1efb904ea87b57205b50d649d9e27e6e3565456955a59c287752693b,png,covered_by_folder_license,itch/loose/license.txt,ok_png,240,192
itch/loose/bathroom_more_3x.png,4913,d2bbe6917e20d08e265f8c9f8000ba5c0d0e999a1a7c01eb0a392b6451e1b309,png,covered_by_folder_license,itch/loose/license.txt,ok_png,384,192
itch/loose/bathroom_sinks_char_3x.png,1731,fadab14728235b13b6ecd62d8f1549af11cae67e8c9efb2dc6ae778b4f89a27a,png,covered_by_folder_license,itch/loose/license.txt,ok_png,144,192
itch/loose/bathroom_tub_char_3x.png,2139,6bc068ae84bf06d07a113f73bfbe1e69709c2e4fa361a0edd9ff9d28989fdd1d,png,covered_by_folder_license,itch/loose/license.txt,ok_png,144,192
itch/loose/beekeeper_3.png,7223,e421b9b2aa463a7f9c5b9c357d7ccab1c542c1a404a7ffa74c5dd078750dfbe9,png,covered_by_folder_license,itch/loose/license.txt,ok_png,234,432
itch/loose/bellydancers_3.png,11321,ddfbdd59878e05a3febba64a9d82cd833f606e58711ce40176fcf94eebe44c3c,png,covered_by_folder_license,itch/loose/license.txt,ok_png,414,576
itch/loose/berribushes_3.png,3859,bb593748451bde8e1f70f59de5fc590ad7d3b6dc3b2f6da459c00c77787e56ad,png,covered_by_folder_license,itch/loose/license.txt,ok_png,144,192
itch/loose/bigbeetlesheet_3.png,26110,7d7850a30200a9b3586b13073b42319427b4d45474970bcd3e7786b1609b8e70,png,covered_by_folder_license,itch/loose/license.txt,ok_png,1116,864
itch/loose/bigskullA_3.png,4728,36260aae61871172cd315857fde05f23588025843dc28d4f24d443b52bba56e6,png,covered_by_folder_license,itch/loose/license.txt,ok_png,288,576
itch/loose/bigskullB_3.png,5106,47309bda7518c02e9a826625114363315d251a32d86bdc9c19a3d43a718481a4,png,covered_by_folder_license,itch/loose/license.txt,ok_png,288,576
itch/loose/bigskullC_3.png,7819,510f740683d2ac03d1e96feeb1e7d74cd9f7e3623340912c944b5c118e22dbaf,png,covered_by_folder_license,itch/loose/license.txt,ok_png,288,576
itch/loose/bigskullD_3.png,8371,00715c79ba07641419f97241967391f6b8eb4f719a305baa9c6942237c19b507,png,covered_by_folder_license,itch/loose/license.txt,ok_png,288,576
itch/loose/bikinibabes_3.png,19234,c988a44099ec78979dbfc6e86ca410c5cbc63d848ffbf17889074772d33e3306,png,covered_by_folder_license,itch/loose/license.txt,ok_png,936,864
itch/loose/birds_sitting_3.png,13012,9a0fccdac574cf6465fde4455aa546fa527ef143f1650bcdb3395ca58fc98e04,png,covered_by_folder_license,itch/loose/license.txt,ok_png,1512,864
itch/loose/blacksmith_updated_3.png,36540,8506f0eea0eed3b3906d0428ef30d060005206e7beeacc8583f91fb5cbe0574a,png,covered_by_folder_license,itch/loose/license.txt,ok_png,1368,864
itch/loose/blackswordsman_3x.png,17315,8d9fe41853f19b9b8de6e0fdb4d24e767ac60578ef9182b92b6a7a109cfff715,png,covered_by_folder_license,itch/loose/license.txt,ok_png,936,864
itch/loose/blockingspikes_3.png,6610,663e26d749ea79af368ddc7f8a8961483d6adc867c9a7e8b2e0cfc7a3d700448,png,covered_by_folder_license,itch/loose/license.txt,ok_png,576,768
itch/loose/blood3.png,1993,5f9aa96475efcb5de2e9c7ca1c20064ba5b4579d6d1a93a558a49ba2ca5c5dc1,png,covered_by_folder_license,itch/loose/license.txt,ok_png,384,96
itch/loose/bobber_3x.png,993,d466bc3152d80eb5bc7145640f70e107b8e58cd26817e73e8247f714c2f242de,png,covered_by_folder_license,itch/loose/license.txt,ok_png,240,96
itch/loose/bossplant_3.png,21841,05776f78ba584d52678b99de216d2243efed9993ae62cfde0151992c344ffd24,png,covered_by_folder_license,itch/loose/license.txt,ok_png,864,768
itch/loose/bossplant_tentable_A_3x.png,7212,5dc84d010639c24b24311ca94980bd043e6718c8d8aadd62f9df201b94c3e377,png,covered_by_folder_license,itch/loose/license.txt,ok_png,432,768
itch/loose/bossplant_tentable_B_3x.png,7798,f95dc1f574915166dcd38febeb34447abb220b0bd75f1d9e9ccbf9ef0ca6e91c,png,covered_by_folder_license,itch/loose/license.txt,ok_png,432,768
itch/loose/bossplant_tentable_C_3x.png,7673,1edef89fd935dec0e2c0c58a07d90c1589c9fc1f6501b7778def20e711015ae5,png,covered_by_folder_license,itch/loose/license.txt,ok_png,432,768
itch/loose/brokenbridge_3.png,11766,bfdfa22cff244493ab5c249b7176f5b55d69db12034e637d57e3f37e736a5af7,png,covered_by_folder_license,itch/loose/license.txt,ok_png,528,384
itch/loose/bubblebath_tiles_3.png,5965,d17dedd63174703dcb82630605331312c7734cbdeda30e6769995cc13f95f458,png,covered_by_folder_license,itch/loose/license.txt,ok_png,288,192
itch/loose/bushbaby_3x.png,5689,b7f8650027688077482116f82570d5e1eff6a72432ac463274e0ccfac7924b04,png,covered_by_folder_license,itch/loose/license.txt,ok_png,378,432
itch/loose/butchershop_3.png,17684,7180efcf782fc646e48f431d66950a78dce1e902a764faa2fd731c40e50d7b78,png,covered_by_folder_license,itch/loose/license.txt,ok_png,384,528
itch/loose/carved_doorgate_bg_addon_3x.png,1476,6914e95d85fa488aa70d196faf16208d520eb56b214d2a5e54defea7c393a36b,png,covered_by_folder_license,itch/loose/license.txt,ok_png,384,240
itch/loose/carved_doorgate_black_e_3x.png,110552,fc1797b5f5ee2ae2ea4105a5233160f4c49df3f124e75188141845a7eb5d2649,png,covered_by_folder_license,itch/loose/license.txt,ok_png,2304,1920
itch/loose/carved_doorgate_wood_e_3x.png,112036,6a800850e8a9c48c968ad5c8569a3e7cb7500c042b9eb99ca0da8cba6c9cbafc,png,covered_by_folder_license,itch/loose/license.txt,ok_png,2304,1920
itch/loose/casting_basea_3.png,5634,ac345fffc785f2e285ecd8e5723ac3f2c3eff18bee854ea4f4f4796caf15afa4,png,covered_by_folder_license,itch/loose/license.txt,ok_png,234,432
itch/loose/casting_baseb_3.png,5092,370965367365f5ad821945472fceb08cb082f3846c07c89a9ba15e84c48f345d,png,covered_by_folder_license,itch/loose/license.txt,ok_png,234,432
itch/loose/catacombs_p_3x.png,13104,fffd8eafcf46555d47390514558597f7a4abac1be6acc726e08a9bb4c01c3f04,png,covered_by_folder_license,itch/loose/license.txt,ok_png,384,336
itch/loose/caveladders3.png,6489,4b5c78d227c5b0585f918760548f4f7c3dd3ea470fc95cee4eb0a24e777e3c23,png,covered_by_folder_license,itch/loose/license.txt,ok_png,528,384
itch/loose/caveladders3b.png,7922,491f2db660a3c4e31bdd40386e0af2a6c6ace5324b627c40e87b355b6e196149,png,covered_by_folder_license,itch/loose/license.txt,ok_png,624,384
itch/loose/cellmonsters_3.png,11005,95315a0d0140044f8d6555719caebb5d18a1a711d650ca30615f99aa31bfca80,png,covered_by_folder_license,itch/loose/license.txt,ok_png,432,576
itch/loose/centurion_3x.png,1942,95c44d0b0f4190900e37aa3cf24951db922fade7c4a8ced871245c5eec4677cd,png,covered_by_folder_license,itch/loose/license.txt,ok_png,144,144
itch/loose/centurion_shield_3x.png,2246,a7c1b0cddb1239d4c27114ad5ae73d06231f17197ecafa752c8ffad1d3d50669,png,covered_by_folder_license,itch/loose/license.txt,ok_png,192,144
itch/loose/chalk-cliffs_3.png,16753,d9a2d779ff085bf90707ff079e8654b72ad368bce38985457e17a4070681384c,png,covered_by_folder_license,itch/loose/license.txt,ok_png,384,768
itch/loose/chameleon_3x.png,5586,59dec0b9801291a547208f07188694334fb282d976243c4f01d76f3cbbc96911,png,covered_by_folder_license,itch/loose/license.txt,ok_png,378,432
itch/loose/chests_8_new_3.png,34884,12223a5ef249446275ed33f9595f3b39434971e70406f55ea5d883c2509c9a24,png,covered_by_folder_license,itch/loose/license.txt,ok_png,936,864
itch/loose/chocobos_saddle_3.png,42358,291f63a34ff85abbbe7683c78a6289ac05d871354fbc280be54573a995ec1af7,png,covered_by_folder_license,itch/loose/license.txt,ok_png,1368,864
itch/loose/churchbell_even_3.png,5153,c40cc90131bbf50aeda9250923a13bdf519ece3bbe6f9739ada32bf24f0e833e,png,covered_by_folder_license,itch/loose/license.txt,ok_png,288,384
itch/loose/churchbell_wide_3.png,5856,7e8159a4b7b463e45cbcfb456eb336b6d608114d3c530cebb41be3ad23d7fc57,png,covered_by_folder_license,itch/loose/license.txt,ok_png,432,384
itch/loose/cloudcity_worldmap_3.png,12243,10034ddfa85156fb8d59f02918ea4d4701e5d469044efb66eb009d7204c0ddba,png,covered_by_folder_license,itch/loose/license.txt,ok_png,768,288
itch/loose/colosseum_world_3.png,10563,1a2d960981eaeb3098a1febeb1177b046a9aae638f9243af55132edd98606e0d,png,covered_by_folder_license,itch/loose/license.txt,ok_png,432,336
itch/loose/conscript_3x.png,2074,74124e862fcf9c6edd257d07a54a101cf2372f3277e9682efc370516a6be6122,png,covered_by_folder_license,itch/loose/license.txt,ok_png,144,144
itch/loose/controller_ui_3.png,14211,c993467c2fbdb456a4a421d35d76bbd5ac06e3359f54fdbacc67862ee55cf747,png,covered_by_folder_license,itch/loose/license.txt,ok_png,816,384
itch/loose/countertop_addon_e3.png,11966,ca99da4f576b695b832c8002de6a4c08fdbbb28bfe027a88fb6dcd91173a05b8,png,covered_by_folder_license,itch/loose/license.txt,ok_png,384,384
itch/loose/cow_idle_3x.png,5737,975c1ae809988213f8ea0d2232a9d9d476475c1f47c467bfb809fa27366cb1ee,png,covered_by_folder_license,itch/loose/license.txt,ok_png,288,384
itch/loose/cow_idle_shadow_3x.png,5880,4b9dc3e8122e8f32688a3b46fb0932b01a94a0bd636716e7d07baef107ebb06a,png,covered_by_folder_license,itch/loose/license.txt,ok_png,288,384
itch/loose/cow_walk_3x.png,6071,203b5080f51c820d9553a621939eb6436ad875950fa49530de11255ddab983fc,png,covered_by_folder_license,itch/loose/license.txt,ok_png,288,384
itch/loose/cow_walk_shadow_3x.png,6212,bdf6213acae15980da272b68ebbc507777b28f70b344edc98d60c1d5b1fa878d,png,covered_by_folder_license,itch/loose/license.txt,ok_png,288,384
itch/loose/crafting-workbench-cartoalch_3.png,6564,2977ce99f83e62fe813cc3d96332df50d5fbf203390491eeff8490c9a71b2d03,png,covered_by_folder_license,itch/loose/license.txt,ok_png,384,144
itch/loose/crafting-workbench-tiles_3.png,13051,0a378bb401169526fc67d3a1d2f95c6d6baf79318460317c80fcd1bb87bcc518,png,covered_by_folder_license,itch/loose/license.txt,ok_png,576,336
itch/loose/crops_mv.png,14351,226538a45ac2816d1e47ece9451371af268d7ca7f0f46011786894281fe5ee84,png,covered_by_folder_license,itch/loose/license.txt,ok_png,936,864
itch/loose/cultists_b_3.png,23089,80fdfa69c97ceec17f3dd8762a9c50e11cfb7669d7e5bc5180f37416cd3193e1,png,covered_by_folder_license,itch/loose/license.txt,ok_png,936,864
itch/loose/cultists_masks_3.png,27400,38d543dd6d1a384553b01c8f9d8ceab7e87138eff3b035511d7e9eda5e52a7f5,png,covered_by_folder_license,itch/loose/license.txt,ok_png,936,864
itch/loose/dancerA_single_1_3x.png,7982,4976349923e4af7aa02811eaa035934110a37d6e1448f97d78e1ec119744f845,png,covered_by_folder_license,itch/loose/license.txt,ok_png,414,576
itch/loose/dancerB_single_1_3x.png,8184,dad95164448f922f9fc9fe145e85e1652a953b550f4c7d62eea869719d2d90d7,png,covered_by_folder_license,itch/loose/license.txt,ok_png,414,576
itch/loose/dancerC_single_1_3x.png,8597,cf74bb2b3fb23a69cd4db89fe8442511042f6952b9b8b5fd751a3e6369ae53c4,png,covered_by_folder_license,itch/loose/license.txt,ok_png,414,576
itch/loose/dancerD_single_1_3x.png,8703,44bbd6faccb6479382348e582ae4c0713aa9f67f87a3697d8b42d3386097dfe3,png,covered_by_folder_license,itch/loose/license.txt,ok_png,414,576
itch/loose/demon_3.png,21778,cd1a8b1510fbef2e53745ba37a137f940938203a96bafaa2e604bfe0e75c62c8,png,covered_by_folder_license,itch/loose/license.txt,ok_png,963,1104
itch/loose/demonking_3.png,25067,a4cdba6b4388b16de255f216d38b2692026897e54f02a6d80b7a37f74d4b96af,png,covered_by_folder_license,itch/loose/license.txt,ok_png,963,1104
itch/loose/diag_3.png,6231,d3abfb9f6b7c335cedb23c6795fa8099fbb3e96e4eca156d652ee878175b26a4,png,covered_by_folder_license,itch/loose/license.txt,ok_png,234,432
itch/loose/diagfull_3.png,10461,12f4d1ba7c82a35cf8f0ea4c8a753655f10b1e35959daf6ac7eae0e170cd5634,png,covered_by_folder_license,itch/loose/license.txt,ok_png,468,432
itch/loose/dice_sheet_fc_3.png,5116,1ddb3697f3f9047f4d12214efc0ae6a87c9bf12b4355a253eee2497e5aa67e3f,png,covered_by_folder_license,itch/loose/license.txt,ok_png,288,192
itch/loose/dotd_skeletonsheet_3.png,44321,5e05885a3844c9b6dccbab186c2bc858aabb465d7b17def349b067c129c66dff,png,covered_by_folder_license,itch/loose/license.txt,ok_png,936,864
itch/loose/dragon_big_green_3x.png,30279,37b1001b21c4adb8ba828bc7b28772ed74843266f415c9fbac35d16aa890fc9a,png,covered_by_folder_license,itch/loose/license.txt,ok_png,963,1104
itch/loose/dragon_big_red_3x.png,30109,d7ee30f64407a3a8ff06a318ad16f7a303f537cfef0c49082e9f7b61c9691c68,png,covered_by_folder_license,itch/loose/license.txt,ok_png,963,1104
itch/loose/dragon_world_flying_green_3x.png,7880,9f519abba8da8ed30022aebb0520496b7c8e44d9cb642506986bf86cf5e20efc,png,covered_by_folder_license,itch/loose/license.txt,ok_png,432,384
itch/loose/dragon_world_flying_green_shadow_3x.png,9351,60e693d81da036b11122ba163de2dbc4ea3a7c11246042f0e94ac0c1d4da340f,png,covered_by_folder_license,itch/loose/license.txt,ok_png,432,576
itch/loose/dragon_world_flying_red_3x.png,7044,03d8e8f05a0f75fa9f56641f7096bf91902a9d70061244a34725aa3094f22001,png,covered_by_folder_license,itch/loose/license.txt,ok_png,432,384
itch/loose/dragon_world_flying_red_shadow_3x.png,8498,8ae07f2b3bde9faf9d39a91d99fb398a28d7fabec6c3668ab7be305b9e73ebe4,png,covered_by_folder_license,itch/loose/license.txt,ok_png,432,576
itch/loose/dragon_world_grounded_green_3x.png,5890,f0a8c5e66cd69b80f18edbcb80ae55e5684dbb5cc3eb41f5322876d1e041cfb5,png,covered_by_folder_license,itch/loose/license.txt,ok_png,432,384
itch/loose/dragon_world_grounded_red_3x.png,5372,d6c2e88a8f9d1345275fc72561310bd7067ca515def04f59a405f90a1c077fe4,png,covered_by_folder_license,itch/loose/license.txt,ok_png,432,384
itch/loose/dragonegg_sheet_3.png,14324,eeb0feacd6f963ba88e36716bd059166f638f489125664a51cd62268f88ec52a,png,covered_by_folder_license,itch/loose/license.txt,ok_png,936,864
itch/loose/dragoonsA_3.png,31993,f7af1b155aa5744fdc2fdd802db4766c1e7eb35557d181b8cbea78e550256d86,png,covered_by_folder_license,itch/loose/license.txt,ok_png,936,864
itch/loose/dragoonsB_3.png,33574,1bc31fcf1a043b9002489c7d63990eb293cad0c04c6f7b497bab4e1093b2559d,png,covered_by_folder_license,itch/loose/license.txt,ok_png,936,864
itch/loose/dryad_green_3.png,7885,2e81aea787603e654603d96811292378e952d6dfc175d33a4fee11ed9746cc6b,png,covered_by_folder_license,itch/loose/license.txt,ok_png,234,432
itch/loose/dryad_skin_3.png,7934,65f8b51edc3e3dc9df51d038243e3d3d0eb98f20b45ffd8f9abdca23c48a2d24,png,covered_by_folder_license,itch/loose/license.txt,ok_png,234,432
itch/loose/e_childrenA_3x.png,28570,91ba264721b957801e0f887bd9db25983b9c719db0ad8e23e722f8f1094d9c6b,png,covered_by_folder_license,itch/loose/license.txt,ok_png,576,768
itch/loose/e_childrenA_shadow_3x.png,29201,29d0c86d4330e995171bcfec862f69c6ea46e1ffc9fae5c07f52d9ffcfb25dbc,png,covered_by_folder_license,itch/loose/license.txt,ok_png,576,768
itch/loose/e_childrenB_3x.png,29188,5e7199deb0f63b665cde3ccd1e8efeab9f27565b74601a44faf4b22033400f15,png,covered_by_folder_license,itch/loose/license.txt,ok_png,576,768
itch/loose/e_childrenB_shadow_3x.png,29817,c295fc0cca3cd67a539789357096b624cdd5546a8273e684b8163a2d72deff33,png,covered_by_folder_license,itch/loose/license.txt,ok_png,576,768
itch/loose/elem_caveA_A5_3x.png,19382,8101bcbd9b2274b2e527de192a660d9dc8afbc631a812e02fead71681ce3f6c4,png,covered_by_folder_license,itch/loose/license.txt,ok_png,384,768
itch/loose/elem_caveB_A5_3x.png,21748,b5ac6b8120ae6e59b8a1f5da5203a4ff30ab4c6afd4e1b33036dfadbacc458ff,png,covered_by_folder_license,itch/loose/license.txt,ok_png,384,768
itch/loose/elem_caveC_A5_3x.png,21254,8fe0f70783a8d15e15d7b126a20100c23812fc6fe36d592191cca38188eb9d37,png,covered_by_folder_license,itch/loose/license.txt,ok_png,384,768
itch/loose/elements_childbase_3.png,3999,1f67c707499c13bd76fe13594ab9352f6b655877518c69840f54e630e324381c,png,covered_by_folder_license,itch/loose/license.txt,ok_png,144,384
itch/loose/elements_childbase_shadow_3.png,4106,2aa8285614d3aaa85013fe76213bd6b8bf7286e3cbcaa9713f6faa1827d3bf27,png,covered_by_folder_license,itch/loose/license.txt,ok_png,144,384
itch/loose/elements_chix_3.png,10214,c4e3911bc7fa29448f3a7c9e09bd06eccd7b57e08c67bf6b2af6010dc756ce36,png,covered_by_folder_license,itch/loose/license.txt,ok_png,576,768
itch/loose/elements_tree_3x.png,5251,f24081ec458d076afcf0efc4f9ded00322abd871b7f578597228c4345e8d3107,png,covered_by_folder_license,itch/loose/license.txt,ok_png,192,240
itch/loose/elf_sheet_1_3x.png,55147,d98ae5a7e3931baa35a506d6d3180fd5221a3179a8eb3fb58f7600cc8782b732,png,covered_by_folder_license,itch/loose/license.txt,ok_png,936,864
itch/loose/elf_sheet_2_3x.png,52958,24c6ebe76842b5d948338179e142b96e0f14ad357b53cc3cb1e4da1895349969,png,covered_by_folder_license,itch/loose/license.txt,ok_png,936,864
itch/loose/em_ores_banim_1_3x.png,15992,9012dbddc97670e0e0c769ec44aa6b5ad5545bf4412078b8511ab86a9374fb73,png,covered_by_folder_license,itch/loose/license.txt,ok_png,960,1920
itch/loose/em_ores_banim_2_3x.png,23895,2e9057c3b0a9210d2ac194de8d1f94b3741d7f4d6594bcb62d653a19f5cbdb01,png,covered_by_folder_license,itch/loose/license.txt,ok_png,960,1920
itch/loose/etch_impact_1.png,633,49469a22c8d1a85bc1fd2b2d58243136f16d6bd7035138c4dfd4f668cf81aa6b,png,covered_by_folder_license,itch/loose/license.txt,ok_png,245,30
itch/loose/etch_impact_RM_3.png,7069,39271ab682ebc6f71e5b9c4e808db62f7354deca92f9e4dba9f3707b149a82d7,png,covered_by_folder_license,itch/loose/license.txt,ok_png,960,960
itch/loose/fallpines_elements_3.png,11086,f874ac7570fd436609671bad97de884e98d6c7c78c0e8a762143c791b8c44578,png,covered_by_folder_license,itch/loose/license.txt,ok_png,528,240
itch/loose/fallpines_world_3.png,14387,6464af0e15e11002864696cd2c99920074cc6137d921ba514d05a65b818a7588,png,covered_by_folder_license,itch/loose/license.txt,ok_png,576,288
itch/loose/fatbase_3.png,6529,e2cb666bc7bfc63492efb46bcaf689516257b56c82862cbed1d4e206cb9cc51d,png,covered_by_folder_license,itch/loose/license.txt,ok_png,234,432
itch/loose/fatbasew_3.png,6487,0bfd6c2d3a7077c1259eb05ae9799d5dd679045048706a856fa53417e8cad11b,png,covered_by_folder_license,itch/loose/license.txt,ok_png,234,432
itch/loose/finaltoweralpha_B_3x.png,43588,0a2108d93e378304f53d11a6ac6ce1ac8c68b4a57d290463b61e6f155cbfd880,png,covered_by_folder_license,itch/loose/license.txt,ok_png,768,768
itch/loose/fishingpole_base_3x.png,19805,7923b4a28c7a536beea3ea654253e8603f9ca922cf9002ac7984108e230fcfea,png,covered_by_folder_license,itch/loose/license.txt,ok_png,1920,768
itch/loose/fishingpole_overlay_3x.png,10994,4ae907fe560022c0c4ad13b58eb75ea358b532b3699e99a1222d65bf2584ef83,png,covered_by_folder_license,itch/loose/license.txt,ok_png,1920,768
itch/loose/forestboysB_tfcolor_3x.png,26823,ee5b9e827fb2db0b60957b5b504ca18fdc15dfd207c52560f674b80105ab0419,png,covered_by_folder_license,itch/loose/license.txt,ok_png,576,768
itch/loose/fountain_animated3.png,6681,3ee1beb00b28c46e713e11f0933ead1660780e10a890612df0acbfbdc54deee3,png,covered_by_folder_license,itch/loose/license.txt,ok_png,576,192
itch/loose/fountaintiles3.png,9492,a99ab55935faca49c729ea6de56baf922108483348887b6c07d2f202a0d22521,png,covered_by_folder_license,itch/loose/license.txt,ok_png,672,336
itch/loose/frogheim_floortextures_3.png,30626,03f2cfc6febf4411def7164dca0536931757b7f17e136223378126e9146d5f08,png,covered_by_folder_license,itch/loose/license.txt,ok_png,384,864
itch/loose/frogmother_3.png,9676,f6d05ca142ec3df8500d9663f5f84820f9caa9f567b335010f7eca7ccc251a02,png,covered_by_folder_license,itch/loose/license.txt,ok_png,234,432
itch/loose/futuredomes_3.png,8834,c90c95b6ecfc9a1e506baa4cddbf7a535e596016babe8b3285cdfa86394b50de,png,covered_by_folder_license,itch/loose/license.txt,ok_png,384,240
itch/loose/gallowsfloor_3.png,4646,9727c9c3195459b1f53b996269c8dab651027313a0da6030b305a2ee6aae46c6,png,covered_by_folder_license,itch/loose/license.txt,ok_png,432,384
itch/loose/giantspider_3.png,27283,d4c3881d9b38af342f75dff5b62f17dc725fab5c042bf196237c983a1b4dab6a,png,covered_by_folder_license,itch/loose/license.txt,ok_png,720,576
itch/loose/giantspider_shadow_3.png,27961,6cc970cffed8c2cff34ff74bb6d79bc3f305d226b6a6d23d97e33321d156f084,png,covered_by_folder_license,itch/loose/license.txt,ok_png,720,576
itch/loose/giantworm_1_3x.png,24831,4680a111a720417a498244e0d54287c94733befc88c16ddac374c35be4ed6009,png,covered_by_folder_license,itch/loose/license.txt,ok_png,1728,1152
itch/loose/giantworm_terrain_1_3x.png,63279,8a04851e9fad290862710b4a49f6e1eeccce0fa49cf3b6c95f7d016c29a2ace5,png,covered_by_folder_license,itch/loose/license.txt,ok_png,1728,1152
itch/loose/goddess_3.png,18482,1001f9519f8f5bdf8739465407a0ba002b29a123cabc63e010c1a2ed6a27fb52,png,covered_by_folder_license,itch/loose/license.txt,ok_png,432,576
itch/loose/grass_and_coral_debris_sheet_3x.png,21122,cf7bbaa63f8f3e54275a063d30370935c0e985dea828e92e63db7e94afb85835,png,covered_by_folder_license,itch/loose/license.txt,ok_png,864,384
itch/loose/greenhouse_3.png,15266,743ffdcf1fc1cb9b6fcd1fd5f5bbf8fd26aaac6933504c964a499a58ed80dc3e,png,covered_by_folder_license,itch/loose/license.txt,ok_png,912,432
itch/loose/greenhouse_b_3.png,23223,e55f10a43937692f4546d45ce8eb222b983b63a95d9b4c434d7129904e211a93,png,covered_by_folder_license,itch/loose/license.txt,ok_png,768,768
itch/loose/greenhouseplants_char_3.png,27485,d40f315ddece50c88802a0d8265a356b091a1ebe74d01ff5c394bf9feb231418,png,covered_by_folder_license,itch/loose/license.txt,ok_png,576,768
itch/loose/gun1.png,3076,41e71d38c4cafba1d18bedcb0656291db6ca3a58ef44d38897fa5b01e91e60cf,png,covered_by_folder_license,itch/loose/license.txt,ok_png,1104,192
itch/loose/gun1_c2.png,4343,f90dd2b34c04bee9756205d4edc59bdb851782deea97c0a07a7040c6b82dc2cf,png,covered_by_folder_license,itch/loose/license.txt,ok_png,1104,192
itch/loose/halberdier_3x.png,2167,10830e9bda392930e6d2db37823426d6d583902bc15b31bdb0e7757715f12050,png,covered_by_folder_license,itch/loose/license.txt,ok_png,144,144
itch/loose/helltextures_3.png,5796,2153c5cb34680d72b3fa61e9f418bb7c061f51384e22f981ef0f4a74367f2f29,png,covered_by_folder_license,itch/loose/license.txt,ok_png,288,96
itch/loose/hobbithousea_3.png,7386,9ff716d8017e1112542cde57204fde11e1716c850f32380cd663dc6c625a57b5,png,covered_by_folder_license,itch/loose/license.txt,ok_png,672,384
itch/loose/hololive1_e_3.png,32963,546948f59c560c899ea1401e3424b01644a8ad6d0c26bd717df9d56983e7d810,png,covered_by_folder_license,itch/loose/license.txt,ok_png,576,768
itch/loose/hotairballoons_rmA_3.png,73457,abb4a0df0ab8335b19b75a5e49b8bde6b74eee6b29e673e5942f86af59d94413,png,covered_by_folder_license,itch/loose/license.txt,ok_png,1728,1536
itch/loose/hotairballoons_rmA_shadow_3.png,75197,58cac0312abfff60649e21a14a13a3981cf33b1c1fe1aed4a461293198457a99,png,covered_by_folder_license,itch/loose/license.txt,ok_png,1728,1536
itch/loose/hotairballoons_rmB_3.png,74780,ac993bcef948a002d1a4f3b9ebb443bad4ce15ad09e5fab48ff05060cb9972f3,png,covered_by_folder_license,itch/loose/license.txt,ok_png,1728,1536
itch/loose/hotairballoons_rmB_shadow_3.png,76437,4551ef2c12df554c4cd812c5635fcb72cfc00395c3619e32819aa3edee0f38b2,png,covered_by_folder_license,itch/loose/license.txt,ok_png,1728,1536
itch/loose/hud_meters_3.png,4395,88c9158f3bbcdb2909b200cc88a342e2a521d313293794570390f0b4c3aec5eb,png,covered_by_folder_license,itch/loose/license.txt,ok_png,432,192
itch/loose/human_Tactics_AkiroArt.png,6194,14922e8f91c3c48f72bf6af27a44937982145b8f40a30cfa9da7e05957bd13e4,png,covered_by_folder_license,itch/loose/license.txt,ok_png,144,336
itch/loose/hunting_trophies_3.png,11239,54ff4c45d21c851e2fc38a28d4ba198581222385539dbf5cb5ea467ce9920927,png,covered_by_folder_license,itch/loose/license.txt,ok_png,336,432
itch/loose/ice_rm_tf_3x.png,6975,9de96606a5e49ad27cbdf1b056fd39fabe53a63d9271632e06b47d25febd9609,png,covered_by_folder_license,itch/loose/license.txt,ok_png,576,768
itch/loose/ichor-soldier_3x.png,1104,59503c32ae974d13a9de1a8a8c4aae52f730a4f903dddc997d1e0633d0ef8f11,png,covered_by_folder_license,itch/loose/license.txt,ok_png,144,96
itch/loose/insidebelly_addon_ext_3.png,12617,2e648d56ef95d6a5de41e2213a3d7a2d0cae244902508c4932ea8d3aa3ededa1,png,covered_by_folder_license,itch/loose/license.txt,ok_png,384,288
itch/loose/ironchef_walk_e_3x.png,12830,15e4b932fbb4190289db98005e5a3ea4031522737f1eed5abadbfdf505bdca0a,png,covered_by_folder_license,itch/loose/license.txt,ok_png,414,576
itch/loose/ironchef_walk_tf_3x.png,12354,7e09b96a03c30a4262adfd2e87cbfaa330a539325791acdd539744969bc9daee,png,covered_by_folder_license,itch/loose/license.txt,ok_png,414,576
itch/loose/jdragon_body_tiles_horz_3.png,9080,46999459c14b0221b8c32adf5922fb3bf2af38e4920a42d403d90a86e96472a0,png,covered_by_folder_license,itch/loose/license.txt,ok_png,432,624
itch/loose/jdragon_head_horz_3.png,32277,df2ecb13d14a7725abf5c1f0b3c7ca52663aff7975a3eee6070592ba1bd203cf,png,covered_by_folder_license,itch/loose/license.txt,ok_png,720,960
itch/loose/jdragon_rmb_3.png,6191,2a12f22aa605c0d243fda13c49a1442e467b61319be778d71e93498766e56f46,png,covered_by_folder_license,itch/loose/license.txt,ok_png,384,240
itch/loose/jobber-charset_3x.png,2516,21079a7586b470cfa1044d820c71fef7a0fdfb7d0fd1b1bd3dd6bc39cac2102d,png,covered_by_folder_license,itch/loose/license.txt,ok_png,144,384
itch/loose/jobber_3x.png,896,1292031478585066cd967fa66df78b84fbf78ccadf7c514c3254034496bfbbbd,png,covered_by_folder_license,itch/loose/license.txt,ok_png,120,126
itch/loose/jumping_base.png,5206,cdf6d032619417a59f6a81ab91266775aa85ad1a5808fbf99c121fef2903b461,png,covered_by_folder_license,itch/loose/license.txt,ok_png,104,144
itch/loose/jungleset_tree_recolor_addon_3.png,22854,46322983dcfa3f73b6b1c0860dd47322f4a3f53155380bbe93da160f8564276c,png,covered_by_folder_license,itch/loose/license.txt,ok_png,480,720
itch/loose/jungletree_growth_3.png,9566,08bb183ad115185bc3d36124efe3c947d04f9ba5df28350b1655f713f47879bd,png,covered_by_folder_license,itch/loose/license.txt,ok_png,432,960
itch/loose/kitsune_walking_3.png,10447,bcabfcf2b68adcdaa78705ec0dcf4b7c9be6dca1f444d5d0367a759fa22f0680,png,covered_by_folder_license,itch/loose/license.txt,ok_png,468,636
itch/loose/knight_factions_3.png,37357,dc0841db234f986166f78d803131205c1291198825da03760e1cb90af9a9465a,png,covered_by_folder_license,itch/loose/license.txt,ok_png,936,864
itch/loose/ladder_unroll_rm_3.png,18665,700c90c39165a8251d09269f0361a36aef71fe1bc0d25b304a83df4136391ed0,png,covered_by_folder_license,itch/loose/license.txt,ok_png,576,1536
itch/loose/license.txt,1272,da5ca129716c7ee53d88425bc6e0ac4b616bd2ddda72c4a136c66ad66c11b156,txt,license_evidence,itch/loose/license.txt,not_runtime_payload,,
itch/loose/littlefairies_3.png,17798,cd1d9e42d6a5f2ee5e2988a3b30bc0b8f56777fcd1fb8b2fb167761edfbe2f07,png,covered_by_folder_license,itch/loose/license.txt,ok_png,936,864
itch/loose/looms_3.png,4092,8cfd50088fa4e12256f8fa4c64c7cbd9918f1a4e29173c7b14aaec81a99799a6,png,covered_by_folder_license,itch/loose/license.txt,ok_png,288,144
itch/loose/luchador_green_walk_3.png,10461,38285f58e8d642ee50ec2c49658813e8438d70d9223ffec4f4270174363e5b82,png,covered_by_folder_license,itch/loose/license.txt,ok_png,414,576
itch/loose/luchador_red_walk_3.png,11062,362154178857aa7b814748e78d1b5ac56686216f78acda8506aa7250da12d0f6,png,covered_by_folder_license,itch/loose/license.txt,ok_png,414,576
itch/loose/magic_circles_3.png,21849,d52839f42a1f5f03b4aac337c523741e13803c6d4706978aa6e4685953d2301c,png,covered_by_folder_license,itch/loose/license.txt,ok_png,1440,960
itch/loose/maledancers_3.png,10146,f9d6591b41dccf94b42d552967caf8ad2ceb7b24eb85f497de821374e1d3740a,png,covered_by_folder_license,itch/loose/license.txt,ok_png,414,576
itch/loose/maledancersB_3.png,9096,cb1d0dddf0fb770f0621ad2bd826b4f2cbfc0e819890e114d8682fb89f36d066,png,covered_by_folder_license,itch/loose/license.txt,ok_png,414,576
itch/loose/mangroves_3.png,8593,805556f182c909bd57b39b25595727a1e4b0aea04e9f4a9f9eb6f040c03c43e4,png,covered_by_folder_license,itch/loose/license.txt,ok_png,432,288
itch/loose/mer_base_3.png,6645,90cfd95a3e130c943a5898f2a2c77d87caa21d6a18f687d8a085bb544fa4e7df,png,covered_by_folder_license,itch/loose/license.txt,ok_png,234,432
itch/loose/mer_human_3.png,50985,f48384743b7d1cf4dcf1b828da0839d9346550678bf45e76f461c77d6c1db890,png,covered_by_folder_license,itch/loose/license.txt,ok_png,936,864
itch/loose/merlocs_em_3.png,33337,523037df0f58e01aa1cb43aea2d0bffe778860bc33a44ba45f84f740b6f17beb,png,covered_by_folder_license,itch/loose/license.txt,ok_png,576,768
itch/loose/mghoulA_3.png,8190,1c776e47562b099dc68f071d730809efe8dd4987ebfa96c924147a97f991c771,png,covered_by_folder_license,itch/loose/license.txt,ok_png,234,432
itch/loose/mghoulB_3.png,8929,ec92a2596427d7e61e220ba2a1a3799796bd282a78f0acde1eee6b0ff735c1ec,png,covered_by_folder_license,itch/loose/license.txt,ok_png,234,432
itch/loose/miners_full_3.png,43377,897897bd23d8540752fa0e3b12da29937096090d74a55c52d95056c197daad25,png,covered_by_folder_license,itch/loose/license.txt,ok_png,1512,864
itch/loose/mining-anim-base_3.png,8280,3aa460a391671267f5bee767fa2adfbd979001f7f94625f72b3574d4b9220c0c,png,covered_by_folder_license,itch/loose/license.txt,ok_png,378,432
itch/loose/mirror-cliffside-3.png,7026,80a5363f39b77ea7c5f263a112eb5fa223f2d1020a03427d57af1717e8e80ae3,png,covered_by_folder_license,itch/loose/license.txt,ok_png,336,288
itch/loose/mirror-palace-addon_3.png,7608,34f5eb95e859d6e9cdf8274fe771d01856b0256942a13c4fbdbcca56fb23cbb3,png,covered_by_folder_license,itch/loose/license.txt,ok_png,336,288
itch/loose/mirror_entity_3.png,34955,62fd12a61d10909bdf13c6bb57105288d1d629e40e9c53f895100d3589a62991,png,covered_by_folder_license,itch/loose/license.txt,ok_png,1800,1104
itch/loose/mondinos_saddle_3.png,53594,835b03aad6841220bae242964d130bf9bc089d9414e6e302c7227ea82a3dd812,png,covered_by_folder_license,itch/loose/license.txt,ok_png,1368,864
itch/loose/moon_walk_3.png,9597,91d763801bdf9db2b7c3f5578cd6831db8b1d893b0b424eab5267b5a9712deca,png,covered_by_folder_license,itch/loose/license.txt,ok_png,414,576
itch/loose/motorbike_blue_3.png,5964,59208bce3548c777beff052b70227b0f8643f1d1026f3fa0d8967fc38a245c61,png,covered_by_folder_license,itch/loose/license.txt,ok_png,468,636
itch/loose/motorbike_red_3.png,5986,1c6f75c6f6543643465de1297111291bc8ed3de0f7d8acf56a2e26e4d459203a,png,covered_by_folder_license,itch/loose/license.txt,ok_png,468,636
itch/loose/motorbike_riderbase_3.png,4943,d63a58bbab811069f4224b0da8e0346a7dfc80fa6a81a6f4d01d9fd4366c0c13,png,covered_by_folder_license,itch/loose/license.txt,ok_png,468,636
itch/loose/motorbike_yellow_3.png,5963,5f846a653ff71f11ea05f5591b29f1bed1ac87907dd3810fc77a83cfe1030a66,png,covered_by_folder_license,itch/loose/license.txt,ok_png,468,636
itch/loose/mouse_ui_icons_3.png,2468,848cdb3dc1c03c72dc07b30ea91e7bb0a37ef8a343ca46155ca1caabfc798b1f,png,covered_by_folder_license,itch/loose/license.txt,ok_png,624,48
itch/loose/mummy_3.png,5546,548c90ad85f86bdc8c42f8074174410542f1c9214f58161b71a6ea04db51b0b3,png,covered_by_folder_license,itch/loose/license.txt,ok_png,234,432
itch/loose/mycofolk_3.png,55556,108931d5d1a0158477e9af50b1516bdf6f7da32079742b33ad52aa16a8a545c7,png,covered_by_folder_license,itch/loose/license.txt,ok_png,1116,864
itch/loose/newflames_3.png,9355,2fba0d66c5923d31c7f56fa0937752c1c80a25db51f2e0819ceed6922915221f,png,covered_by_folder_license,itch/loose/license.txt,ok_png,576,768
itch/loose/neworld_churchgraveyard_tf_3x.png,7311,43ef122dee4f8704e8688f0bf82fb4cabf76defd4004d025edc66e772d59480f,png,covered_by_folder_license,itch/loose/license.txt,ok_png,432,192
itch/loose/neworld_farmvillage_full_3.png,17306,8b078c76cc49b14ec50a17d55870b3cefc7220a1a07062fa8cf0c931112b605f,png,covered_by_folder_license,itch/loose/license.txt,ok_png,624,288
itch/loose/neworld_windmilltower_3.png,2370,8184e2554d0ee68290d24c70900f0b55ca16fc04f10564c831bf366e21845a2a,png,covered_by_folder_license,itch/loose/license.txt,ok_png,144,384
itch/loose/newterrain_sheet_3.png,20572,a57ecfe1a68d1fb2d3a10c20f32bd40eb6f2ee7f0c6f77c1a873b93f5bc34c0c,png,covered_by_folder_license,itch/loose/license.txt,ok_png,1056,480
itch/loose/npc_vagabond_3.png,24555,70703f74122f10a66efdc98614eec521250a0e97aa805c228615df71f81dea32,png,covered_by_folder_license,itch/loose/license.txt,ok_png,576,768
itch/loose/npcactions_3.png,8500,966bc58b1edb12a997f6dd185854eccaf881c5f1a63605b63417c648e4d6bcee,png,covered_by_folder_license,itch/loose/license.txt,ok_png,243,432
itch/loose/old_cricktown_houses_sheet.png,100111,3028c43b0fac012b6b3a889d350c90a92792c4568d12f0504772208c7cee974a,png,covered_by_folder_license,itch/loose/license.txt,ok_png,1040,1024
itch/loose/OM_addon_arcade_3.png,9704,d38f617579c793fa8f5fb1c34e6dd3802d3e95f7e3c7c051743a409ae94028b2,png,covered_by_folder_license,itch/loose/license.txt,ok_png,384,384
itch/loose/om_babies8_3x.png,12632,6640e552f5cf0f4ffa040610ecf2930c368f06882b37e5d193964505907f13b8,png,covered_by_folder_license,itch/loose/license.txt,ok_png,576,768
itch/loose/om_babies_3.png,13177,24b33859042bfe7cab336345d946c3c9760d7f3d81fcc1140bfe92ece9acfc5b,png,covered_by_folder_license,itch/loose/license.txt,ok_png,576,768
itch/loose/om_kidset_3.png,21857,0aa360b5cc3177a841c10e12e806f812960b8c6778aa9ea6e5ef5127425b2b24,png,covered_by_folder_license,itch/loose/license.txt,ok_png,576,768
itch/loose/opossum_3.png,5380,3ab26d44b2381ef89ce5a05720f0ae081ff62a097e9a8295a6ee8db076f4574e,png,covered_by_folder_license,itch/loose/license.txt,ok_png,243,432
itch/loose/ortp2K_exterior_3x.png,59307,75f2cac9915a40dcf2ef030257a8c566bf1c58aab3f4ebee0a16bb23cc4a10e2,png,covered_by_folder_license,itch/loose/license.txt,ok_png,1440,768
itch/loose/ortp2K_interior_3x.png,55974,181c8f437f81803fa158072ecda75f73e90991921de6f7977f2100338d5393d8,png,covered_by_folder_license,itch/loose/license.txt,ok_png,1440,768
itch/loose/ortp2K_world_3x.png,59163,4f61be388f906e37c3b9f2c8b1df4b7ddc86dbbb92de6357f0be6ede78e136c1,png,covered_by_folder_license,itch/loose/license.txt,ok_png,1440,768
itch/loose/outhouse_addon_3.png,3312,744d49f582d57d9fddfcade9e3a532e1a5b9955d46b08c85627cea444a1d7a91,png,covered_by_folder_license,itch/loose/license.txt,ok_png,144,192
itch/loose/outhouse_door_3.png,2988,7a9c1f70931720ecb7cc2ea944bacf281f7f2d18eb22c196403e1d2d9eaa2651,png,covered_by_folder_license,itch/loose/license.txt,ok_png,144,384
itch/loose/overworld_mountains_3.png,28010,0e5bcf786c6427101d6baa65481be1446b8628de6b2995c372a3a10faec40e98,png,covered_by_folder_license,itch/loose/license.txt,ok_png,816,288
itch/loose/ow_train_cars_3.png,7576,85c0907ea3cc3cb4050ee739fd871afdbff272b5f8247584b9f1b28f923fcc06,png,covered_by_folder_license,itch/loose/license.txt,ok_png,576,768
itch/loose/ow_train_cars_complete_3x.png,11427,67be104a61b647c63efa39237a1b467987767f8b1ad3380e11a637da9a1917c6,png,covered_by_folder_license,itch/loose/license.txt,ok_png,576,768
itch/loose/ow_train_engine_single_3.png,3641,0c861d7bf69781f00e2a7082695ca383b3754dbcb5ccd34bf577ac34a81e5acb,png,covered_by_folder_license,itch/loose/license.txt,ok_png,288,384
itch/loose/ow_train_engine_single_complete_3x.png,4269,d3ff0f4e15816003d90971ec87cf3d346941f2cabfbe665f511a807e6810f11d,png,covered_by_folder_license,itch/loose/license.txt,ok_png,288,384
itch/loose/owlbear_tf_3.png,9912,328b3cb594b03b67299e08acd5240232514db2b77e60b179db912d0d4919b167,png,covered_by_folder_license,itch/loose/license.txt,ok_png,432,384
itch/loose/phoenixegg_3.png,63099,e298fab8c57376028ac66f6225a54e113c2cf3d483650b653ae58aa7c384ff34,png,covered_by_folder_license,itch/loose/license.txt,ok_png,2196,1368
itch/loose/pigman_walk_e3.png,12503,578c3119e40c52f16208a8782b629d648a0aa6f01bb82ba03c29d4179150f852,png,covered_by_folder_license,itch/loose/license.txt,ok_png,414,576
itch/loose/platypus_3x.png,4909,2c7a30e295a22578282d4a831b29d795e12c5b5b78bb66d60554fff57fa7845d,png,covered_by_folder_license,itch/loose/license.txt,ok_png,378,432
itch/loose/portal_blue_3.png,8488,6b0178c211bd1515e8291c7cc579f824f0946e7bc06b85ac66a40fae106ec296,png,covered_by_folder_license,itch/loose/license.txt,ok_png,432,768
itch/loose/portal_blue_close_3.png,4942,b797a57b406f405930eb47df8049612ba1aa02bac81cc5e26e63277171582bfb,png,covered_by_folder_license,itch/loose/license.txt,ok_png,432,768
itch/loose/portal_blue_open_3.png,4919,51c17bbe02fb4b21209835d34c59b68bf85709126d16ede690208bff08d60cb8,png,covered_by_folder_license,itch/loose/license.txt,ok_png,432,768
itch/loose/portal_purple_3.png,8963,b459207e4dd72f4bbad63dd0201087451f6fb1cb271d7011a90a4b896bbbb8f1,png,covered_by_folder_license,itch/loose/license.txt,ok_png,432,768
itch/loose/portal_purple_close_3.png,5386,81d0b903370a78cd3f89cc44842f03ae8e375221004ceff5eefce7f22d6a5c0e,png,covered_by_folder_license,itch/loose/license.txt,ok_png,432,768
itch/loose/portal_purple_open_3.png,4984,c1500b7ddf5a3f149485902cec24bdcfe3ad681abb37037a73f137a82afadced,png,covered_by_folder_license,itch/loose/license.txt,ok_png,432,768
itch/loose/portal_red_3.png,9097,78334581572c40c136e7da4ad52058617f78f29b5e7961a11aaf19a3a06c8935,png,covered_by_folder_license,itch/loose/license.txt,ok_png,432,768
itch/loose/portal_red_close_3.png,5375,228899b80419b1c4527f782c3aa8b1c643221a0abc1a72528ea5023e120a3bc7,png,covered_by_folder_license,itch/loose/license.txt,ok_png,432,768
itch/loose/portal_red_open_3.png,4987,2614eb924f16282fd6ed43df9d1989c9219d0fabec19ff68560197251013c47d,png,covered_by_folder_license,itch/loose/license.txt,ok_png,432,768
itch/loose/portal_stone_3.png,8369,9509fb0065b5a30c1990aad162cbb4a81e3c154067e09f5538dcbfa2a6c2f69f,png,covered_by_folder_license,itch/loose/license.txt,ok_png,432,768
itch/loose/portal_stone_close_3.png,7215,2a8f35aed6e9cb96d89300032499de91f9f8d4404a23e34e9333190d9a3e0d82,png,covered_by_folder_license,itch/loose/license.txt,ok_png,432,768
itch/loose/portal_stone_open_3.png,7507,a209b2517819d37275649d539316c91e75ad7cd7b2c0c2f4ad1a1768c5d48618,png,covered_by_folder_license,itch/loose/license.txt,ok_png,432,768
itch/loose/postapoc_interior_3.png,40570,4f0d127a73aa096e21e16d7bc96bfcf92054531430ae085c2ef592d1fe76316b,png,covered_by_folder_license,itch/loose/license.txt,ok_png,768,768
itch/loose/postapoc_junkshack_3.png,16723,2bff2b260472cb8eb2f73bbfeac20f4938ef2330aa8cf1e21a8190e374ebb5ea,png,covered_by_folder_license,itch/loose/license.txt,ok_png,384,432
itch/loose/radiotower_3.png,11302,96e819c4b4d1adae188259b21b3988d37f28a672163ef3fb69757f1503e04800,png,covered_by_folder_license,itch/loose/license.txt,ok_png,240,528
itch/loose/ratmen_3x.png,53590,02be98d66d7b5c1dc5991ca9108cb2e7150c662dfceec1aeb13464c5ebd90194,png,covered_by_folder_license,itch/loose/license.txt,ok_png,936,864
itch/loose/ratmen_characters_3x.png,61972,6ef3e62e90902196e7bc04cbfce4c06507ef924e027c74b5911dbbf273bbd4b3,png,covered_by_folder_license,itch/loose/license.txt,ok_png,936,864
itch/loose/ratmen_characters_3x_shadow.png,62374,0f37b2c6756a781983b7e784abefa537cb8f96e1171184001e81a3f0be7d9ddd,png,covered_by_folder_license,itch/loose/license.txt,ok_png,936,864
itch/loose/recruiter_3x.png,1905,c71a23b28cd35060eb5107f07bb4c2cb357c19f625c4f098c3cb1b9e79c57805,png,covered_by_folder_license,itch/loose/license.txt,ok_png,144,144
itch/loose/rmmv_battler.png,80702,d6530f6dee8cbcc85d6a8cd60d261af2611f3d9cf41e8f510eec28748281eed3,png,covered_by_folder_license,itch/loose/license.txt,ok_png,576,384
itch/loose/robots_walkin_B_3.png,42545,bb1eb87e3d7e60a4cf73a1fcaeea54d36674411ea6615a7bfb88f5e32c582524,png,covered_by_folder_license,itch/loose/license.txt,ok_png,1116,864
itch/loose/roboz_3x.png,40188,ca4832c770b61fad8f6ae247b8b2b911c1ef8786709f7a21823ec70d0d865dfd,png,covered_by_folder_license,itch/loose/license.txt,ok_png,1116,864
itch/loose/rockcrystals_e_3.png,20243,b75bcf1d9d66537542a031e978932ff70a3ab35db80e7ab2af1e9ecf94b23b6b,png,covered_by_folder_license,itch/loose/license.txt,ok_png,528,384
itch/loose/rockcrystals_floating_char_e_3.png,18388,7e8832efa5b46c049459680a78561a5790f11f1ba5dbf86963958b4814b941e9,png,covered_by_folder_license,itch/loose/license.txt,ok_png,576,768
itch/loose/roman_npcs_3.png,25326,36ae1eb0290fdbd85cbf58e52c67299dd718323a5f0b5412afce92bc05548fb2,png,covered_by_folder_license,itch/loose/license.txt,ok_png,936,864
itch/loose/roman_npcs_full_3.png,43443,b557b27c1839fd8988c640bc50cf0fce25ede1cfbbc326131f86916e9ce46a80,png,covered_by_folder_license,itch/loose/license.txt,ok_png,936,864
itch/loose/satyr-shadow_3x.png,11630,8d227e25b6b3fd1f1ba393b7df884393eee83fe26000fa554d171c1cc3752a7b,png,covered_by_folder_license,itch/loose/license.txt,ok_png,414,576
itch/loose/satyr_3x.png,11601,8d0ec24d62ee672c41c466feba4a99023b8b317b36059cd3d1facf7f169ed957,png,covered_by_folder_license,itch/loose/license.txt,ok_png,414,576
itch/loose/scifi_doorframe_3x.png,15052,2416bd849a479704c08c532d6a6063913e53a7f711ce5dd326e006c03a894cec,png,covered_by_folder_license,itch/loose/license.txt,ok_png,768,768
itch/loose/scifi_doors8_a_3x.png,7431,54c5ecc56f2e6dad25e122cd645589ccd9699489398f367d64a0c966718f65b4,png,covered_by_folder_license,itch/loose/license.txt,ok_png,576,768
itch/loose/scifi_doors8_b_3x.png,7444,a0bab98440b3c516117b494ef8a2a341142b9f9cb6944a8f76536543c8ff2540,png,covered_by_folder_license,itch/loose/license.txt,ok_png,576,768
itch/loose/sealedchests_e_3.png,15921,433ddafc65eef1a41d7b60a43c3d470bb404ff07eaa7d5eb0c98f374b29b934d,png,covered_by_folder_license,itch/loose/license.txt,ok_png,576,768
itch/loose/seaship_sheet_3.png,59682,8f8aa6dafbd1e9d5536c775af1d1990e7413bd63044b839ae3248de0c5e0ba25,png,covered_by_folder_license,itch/loose/license.txt,ok_png,1728,1536
itch/loose/secret_bookshelf_3.png,28411,6a50904923d4190204697a852669c4a5761a4d89008f118feeae79d060db39b8,png,covered_by_folder_license,itch/loose/license.txt,ok_png,1728,1536
itch/loose/secret_cavedoors_3.png,21823,1dd22079de05ddef368360c0d34365f7f332828d18628bfb15e1b806b979a3fa,png,covered_by_folder_license,itch/loose/license.txt,ok_png,576,768
itch/loose/Settings.json,12006,b6ac14f61350ded5ef7ecab14421844e3605785f4df89f7f0c6e4d6d8ce31d0a,json,covered_by_folder_license,itch/loose/license.txt,unchecked,,
itch/loose/Settings_drowupdate.json,16321,f52f52b4e1fb9353c212b58d0ec063bf3e00222ea34d7e184ea3a733d4117301,json,covered_by_folder_license,itch/loose/license.txt,unchecked,,
itch/loose/shamans_mv.png,30938,45715402203fe64bdbfafb9c414ab0e3998726bb44024d10754149ceb9cf4f87,png,covered_by_folder_license,itch/loose/license.txt,ok_png,936,864
itch/loose/shark_fin_blue_3.png,3416,bc54e408b5fff380215717fb0cd2fadfdbe2c16c95e003c37f70af91b4579570,png,covered_by_folder_license,itch/loose/license.txt,ok_png,576,576
itch/loose/shark_fin_brown_3.png,3383,3ac8f1f39aacb1ce5ff737ff7c71ab8df3fbbed905252a9523d641420e7c27ef,png,covered_by_folder_license,itch/loose/license.txt,ok_png,576,576
itch/loose/shark_finshadow_blue_3.png,5434,1f25f970c4f3d65731003e67bcbb814e774dc40c03ad3810094cdc693dba3a63,png,covered_by_folder_license,itch/loose/license.txt,ok_png,576,576
itch/loose/shark_finshadow_brown_3.png,5408,4b99bfc23049042694f8c44c04d7768d1bebd55e79eac4a3588889956ab8371c,png,covered_by_folder_license,itch/loose/license.txt,ok_png,576,576
itch/loose/shark_full_blue_3.png,7746,c391b636e933722ae989b3e617bc52ebb0ab1344f31e55f1a8af936750095f1b,png,covered_by_folder_license,itch/loose/license.txt,ok_png,576,576
itch/loose/shark_full_brown_3.png,7716,9f834c9ffd5e56e62f170c979932aa41f1e98667b8a3db5be2122a3ebfb87d2c,png,covered_by_folder_license,itch/loose/license.txt,ok_png,576,576
itch/loose/sharkmouth3.png,2225,db6315452e7792ca8449a52f1d2dfea68c233e8909d3f46289952ff31c579272,png,covered_by_folder_license,itch/loose/license.txt,ok_png,288,144
itch/loose/ships_16x16_3.png,8661,6eaacb4835ef28983ec658d273be79fefaa378b4f9507c54c3ac344f93436a8c,png,covered_by_folder_license,itch/loose/license.txt,ok_png,576,384
itch/loose/shipsail_or_300.png,8699,45af0c62772e926dc73e40da7a181c146d34b326693bcb6ce75003bf0aafb402,png,covered_by_folder_license,itch/loose/license.txt,ok_png,288,384
itch/loose/sittingbase_single.png,2466,5f625b3f911f4b03197b97843827c2d8dac8e834dbba168e341ab425bd3e9283,png,covered_by_folder_license,itch/loose/license.txt,ok_png,78,144
itch/loose/slimes_rpgmaker_charsheet_3x.png,13509,1624070f33900794c3bd466fc223d46a72c9cf1e4a255d65c4a6bda91d706948,png,covered_by_folder_license,itch/loose/license.txt,ok_png,1152,768
itch/loose/smokeyjoe_3x.png,3066,a6817ba013f71a93b61ad40cb62f185be6343191f6615fb1a5e344827fb4f349,png,covered_by_folder_license,itch/loose/license.txt,ok_png,288,144
itch/loose/snakecharmer_walk_3.png,7817,b9ef2d28eefc31e2bdda7deee50a885df1f9966991090a4dc435b140583a7c69,png,covered_by_folder_license,itch/loose/license.txt,ok_png,234,432
itch/loose/spidereggs_tiles_e_3x.png,2471,f43730afb04189d61ae69d37e0bafce27ced06672527de7af6bf02bac0341b14,png,covered_by_folder_license,itch/loose/license.txt,ok_png,192,144
itch/loose/spinner_addon_3.png,9704,a789e4c031f17a1568897239cce6206eecec0da5a16116ab5e03c7cef33b35b5,png,covered_by_folder_license,itch/loose/license.txt,ok_png,432,288
itch/loose/spinnerchair_3.png,11630,692d67a2d95be63a6a20ee1aac41ff99ffbcb4439bee8360ce016dbe918082b5,png,covered_by_folder_license,itch/loose/license.txt,ok_png,576,768
itch/loose/spookyscarecrow_3.png,6823,c64b2fd613d5ad2754980e32e19e0910d93d44eda588d9a0bf7bd3e84e7f251f,png,covered_by_folder_license,itch/loose/license.txt,ok_png,252,432
itch/loose/stairs_3.png,6229,1314c9ee109fe514e2304cb9489fcffc509fad568724c985ba35cca7060570aa,png,covered_by_folder_license,itch/loose/license.txt,ok_png,288,480
itch/loose/stairs_railings_3.png,18747,586ebfb04dfd09b4e7f86a83252d8fac419317015cec022167772d2899801827,png,covered_by_folder_license,itch/loose/license.txt,ok_png,768,768
itch/loose/statues_tilesheet_3.png,8581,16bdf01987524d94367fb358e062304d779fe181740235e32c1b5f96a554a2a6,png,covered_by_folder_license,itch/loose/license.txt,ok_png,480,240
itch/loose/stonebridgea_3.png,21579,b89c2be840edbb7e311bc3031d7a8f35fb37b2437ba9aed40299c1ebcc18edff,png,covered_by_folder_license,itch/loose/license.txt,ok_png,384,768
itch/loose/sumo_e_3.png,8296,6de84571a08f94d44c01e7827391179b926ebcd1caf60916ac62fe78404218ca,png,covered_by_folder_license,itch/loose/license.txt,ok_png,414,576
itch/loose/sun_walk_3.png,10003,636c427c1c749ae3a0b987194ce3ccb8fedf636ff92d3bd3214accc4ce564ac4,png,covered_by_folder_license,itch/loose/license.txt,ok_png,414,576
itch/loose/swampclifftiles_3.png,19810,26eacec44b7ea3ea00caa9adbbe4472fed2ee3cb70fc29aab499b1429b9754c6,png,covered_by_folder_license,itch/loose/license.txt,ok_png,384,432
itch/loose/sword_overlay_bodybase_3.png,7229,aa0956ba210316288b9565cfca0120099dbb40c87a1ab2dfdcf56271bb6f0b96,png,covered_by_folder_license,itch/loose/license.txt,ok_png,234,432
itch/loose/te_snow_roof_addon_3.png,9295,9aee0e4136e7b6ae8ee9a4e37d962a25e59247c9d269aedfe0bdf60a9dcdb577,png,covered_by_folder_license,itch/loose/license.txt,ok_png,336,480
itch/loose/tents_addon_e_3.png,12839,0a5e6838f3c504eadb4b4817c4aaee4f5c2c6d3f578128319aed27fcf239d52a,png,covered_by_folder_license,itch/loose/license.txt,ok_png,384,480
itch/loose/tf_insidebelly_tileB_3.png,20695,caf4f6d2f33ff4ee8d4d5536b1ebb8178878c96fc5353bc77a05d1c5692b57e5,png,covered_by_folder_license,itch/loose/license.txt,ok_png,768,768
itch/loose/tf_newworld_chartiles_3x.png,9887,0a4e4d6eb670061d07b24bad60a93fe861ed41c11e2a408d67d03cfc9cc81692,png,covered_by_folder_license,itch/loose/license.txt,ok_png,576,384
itch/loose/tf_newworld_drybed_full_3.png,16500,9f1550a990d3930f443c02536f08497e880f0b8878ee2115748fd9f9e6e04c03,png,covered_by_folder_license,itch/loose/license.txt,ok_png,624,432
itch/loose/tf_newworld_drybedaut_3o.png,6801,3fa02a45e52029988a53d717d47b9661d8a072b892c7e15cbe248d22df83d73f,png,covered_by_folder_license,itch/loose/license.txt,ok_png,384,144
itch/loose/tf_newworld_jungle_3.png,9490,2f8ded14cb60c4b9a7554c807d266f7374a6ad1e1cbc2c6d99a870c3ab0e57ff,png,covered_by_folder_license,itch/loose/license.txt,ok_png,336,336
itch/loose/tf_newworld_RMA1_3x.png,18697,443bb7f62c3c2aaa38874e9a8c2741b6a50616f5a22d454f9ab8eb4364fd093a,png,covered_by_folder_license,itch/loose/license.txt,ok_png,768,576
itch/loose/tf_newworld_RMA5_3x.png,19018,a073eea6068d9c31a71ea68c9e6a445eb20fbde52c388945d19a479941986c7f,png,covered_by_folder_license,itch/loose/license.txt,ok_png,384,768
itch/loose/tf_newworld_snowforest_addon_3.png,7365,7c24e124414bc4aaf9ddee4a5dc930b03fcbf6e7660e9c94228811ff8e3becfa,png,covered_by_folder_license,itch/loose/license.txt,ok_png,432,144
itch/loose/tf_newworld_terrain_100.png,20540,508b2c943aa636cf3bd565852acba3920aec38a61b71e05a23a1517bd1add222,png,covered_by_folder_license,itch/loose/license.txt,ok_png,480,240
itch/loose/tf_newworld_treesaddon_B_3.png,8203,366970cbe5de63a270735c50dfc44e317eab80a23facc1b25eef70b48cc50ec9,png,covered_by_folder_license,itch/loose/license.txt,ok_png,288,288
itch/loose/tf_newworld_treesauto_3.png,8514,7c7f1b947ad3b2a6724c020e53e5450a15e72b67eb9536a1e53f34286ea1bf4d,png,covered_by_folder_license,itch/loose/license.txt,ok_png,384,144
itch/loose/tf_newworld_wateredgetransition_3.png,18733,fa0c8cc3dab669752827f53b3a7731fd2c4582482908a145bc5334003aee99b1,png,covered_by_folder_license,itch/loose/license.txt,ok_png,576,384
itch/loose/tf_swimbase_single_3.png,4030,5a4b2bc4260c664fc878195fb5f1c280919346b182eaa329e3b9bc90580ec795,png,covered_by_folder_license,itch/loose/license.txt,ok_png,234,432
itch/loose/tfshowers_3.png,15089,febe77b92cdda46a990b94fd79589861df39a1b44615eff6cf93bdab71673b5b,png,covered_by_folder_license,itch/loose/license.txt,ok_png,384,768
itch/loose/thesexupdate_3.png,3190,6813222a5d56319dd153507df460396e8a9537d8e4903a79c48d9bbf2d7849e9,png,covered_by_folder_license,itch/loose/license.txt,ok_png,288,96
itch/loose/tileA5_world_3_new.png,26320,8ec1e7ef8192f744bbaa186111b0d9e25032082db0387ea221a8f10c4dae4589,png,covered_by_folder_license,itch/loose/license.txt,ok_png,384,768
itch/loose/tileB_interior_extras_3.png,37283,58415319d08fcf4f875cc6a4a9d1bd28434d5dff62213920a8322f112a24b069,png,covered_by_folder_license,itch/loose/license.txt,ok_png,768,768
itch/loose/tileB_world_3_new.png,59532,94449a53016a956565b7a99a1962b86c71f2e7e0a99ca0365fccc27afa80cc62,png,covered_by_folder_license,itch/loose/license.txt,ok_png,768,768
itch/loose/tileB_world_extras_3.png,15194,4a3b294a2715ea0278badc3ceb3d8f11dcc18818fad910469e3ac36e4adbd869,png,covered_by_folder_license,itch/loose/license.txt,ok_png,768,768
itch/loose/tileB_world_extras_upd2_3.png,31781,6ed58367609ac69065351cff56ddead1b109c26d4b6f4f60e63ba7834bca5cc1,png,covered_by_folder_license,itch/loose/license.txt,ok_png,768,768
itch/loose/tiles_tower_3.png,15966,e5c427ee9c74fcda318bf23e218c503985b422caf5f2fb108a94364479344b43,png,covered_by_folder_license,itch/loose/license.txt,ok_png,384,480
itch/loose/tool_hammer_3.png,12970,00c1692dd4a8c3e9ef06c89181cad801ae62dad599b741aeb765107d51f81b2f,png,covered_by_folder_license,itch/loose/license.txt,ok_png,936,768
itch/loose/tool_hoe_3.png,10042,9afc03b218d2097011182ed3c6966db1496ea3f8d593078a0e3beef5e0a80b69,png,covered_by_folder_license,itch/loose/license.txt,ok_png,936,768
itch/loose/tool_net_3.png,14531,e419ee77d26ef74b339f33aff552006f6e48e836ab52b9c878bc45278f44ff9b,png,covered_by_folder_license,itch/loose/license.txt,ok_png,936,768
itch/loose/tool_scythe_3.png,12086,24fc25bc008854e89c1e4bb84b502a20929f48b76ca122bfbdd011c8f9901415,png,covered_by_folder_license,itch/loose/license.txt,ok_png,936,768
itch/loose/tool_watering_3.png,10576,d1bea99512cbce09caebc72fb6b44d0c111cd7deca301b1c096d185f8c27e2d0,png,covered_by_folder_license,itch/loose/license.txt,ok_png,936,768
itch/loose/tower_fire_3.png,4970,00bf7047e910f1f760e4dd762601798600011324eb12d0c377d671718a5d7486,png,covered_by_folder_license,itch/loose/license.txt,ok_png,432,192
itch/loose/tower_fire_nobg_3.png,4701,3c8a74a095480ad9496b529bcceea1ec5a959ca82ebb4192264ebca4758fb0e5,png,covered_by_folder_license,itch/loose/license.txt,ok_png,432,192
itch/loose/train-updated_bsheet_3.png,23403,06c31997cdf36eca00621ed9861b08d9c402962043dd890892ee2cf1377fd1dc,png,covered_by_folder_license,itch/loose/license.txt,ok_png,768,768
itch/loose/try_this_raindrop_3x.png,1153,0a448892ae9720d48e8ec1a1ea3468515747a711b2e31ca3420a9dae8da63d2c,png,covered_by_folder_license,itch/loose/license.txt,ok_png,192,48
itch/loose/tyw_monster1_3.png,26184,a9927278f96bcf4ef91993bd85df7cc24d58b1f8f1030ed9527c4f572a39076d,png,covered_by_folder_license,itch/loose/license.txt,ok_png,936,864
itch/loose/ultint_oven1a_3x.png,13090,f7a97cedd4ce62798d751b5ce8fdf167334c473457f0c79dec2e1700f35249e5,png,covered_by_folder_license,itch/loose/license.txt,ok_png,576,384
itch/loose/ultint_oven1b_3x.png,8294,6774419fee723bd3e0c51a9bd1d20b9b08b0c71a79360055f1ee37b9a893a144,png,covered_by_folder_license,itch/loose/license.txt,ok_png,576,384
itch/loose/ultint_oven2a_3x.png,7025,fb381d556ac7af435c6089bb916a9f82cbcfc3f8f0cdbf446f0c22c7e2c85268,png,covered_by_folder_license,itch/loose/license.txt,ok_png,576,384
itch/loose/ultint_oven2b_3x.png,4271,faad26ad00e5cb19c2cd1340dc1e34582af8c64f2e2b86d1639593fad42e0745,png,covered_by_folder_license,itch/loose/license.txt,ok_png,576,384
itch/loose/ultint_tileB_kitchen_3.png,36681,ea594766dc5d3577b2a04a334d0766c9c7575da6db8b8bcefac8e94bca55ce49,png,covered_by_folder_license,itch/loose/license.txt,ok_png,768,768
itch/loose/ultint_tileC_kitchen_3.png,35083,a9dda58f596a8ae3a8e7458fe00bd94fd30170a1cb9a5694e01ee6af60287660,png,covered_by_folder_license,itch/loose/license.txt,ok_png,768,768
itch/loose/uppertileset_mv.png,12493,f66c7a62fa00ded4328876f7239579f2d4a786bf16d529970a3ad6e95949c11f,png,covered_by_folder_license,itch/loose/license.txt,ok_png,768,768
itch/loose/vamps_8_3.png,58255,039916b10f02a605dfc8c07d9857836cf3b90b206cfeda851d2a5ae47d51d763,png,covered_by_folder_license,itch/loose/license.txt,ok_png,936,864
itch/loose/vault_door_3.png,19870,822aa454f6c6e00f22cfadf3dba6aa9cdf2f651d05f082c72d6eee9930f2aa5e,png,covered_by_folder_license,itch/loose/license.txt,ok_png,720,768
itch/loose/veildancers_1_3x.png,11390,63a46ba52abfc447d9349f4dac968030fcf8b48e44717ee37007e469b4a3814e,png,covered_by_folder_license,itch/loose/license.txt,ok_png,414,576
itch/loose/wagons_world_3.png,25226,aefd8281aff727b2f804dfc44055b398fc0c3ce61367f4c4a743bffaf38c0829,png,covered_by_folder_license,itch/loose/license.txt,ok_png,1728,768
itch/loose/walltopperslaps_A4_3.png,8912,4948dbf52da74ba899bc7e0828e8fb44b76662a251ef0be6fdfc8ba5b4a197d2,png,covered_by_folder_license,itch/loose/license.txt,ok_png,768,144
itch/loose/warden_3.png,19076,e9bb0135add8c10b498d182c9380b4a395ab57c946d05ec7e665666195851149,png,covered_by_folder_license,itch/loose/license.txt,ok_png,432,576
itch/loose/warelementals_f_3.png,54522,9d405bc70ee3ee333f2f2f953367c18097413579b55772cd5b41891d8d70d4b5,png,covered_by_folder_license,itch/loose/license.txt,ok_png,936,864
itch/loose/westerndoors_3.png,14034,59edffe04aac5da462c3e1cd022e068382b3e784ad50c27bf60c40ef2915f924,png,covered_by_folder_license,itch/loose/license.txt,ok_png,576,768
itch/loose/westerndoorsB_3.png,10484,bae329f597aaf52558a8c0e63c9cb2842d59e77c248d0789d5b8146df52f31fb,png,covered_by_folder_license,itch/loose/license.txt,ok_png,576,768
itch/loose/westerntown_sheetA_3x.png,33540,9470ea10cd37de1881b6528a10f99b3cf747db766a6e872769c1042b7bee857d,png,covered_by_folder_license,itch/loose/license.txt,ok_png,1296,720
itch/loose/westerntown_sheetB_3x.png,33482,2f8c7d05f72cc14cc53592dc7049ad1ac007e3de7d996ce6e3df8b213a089d56,png,covered_by_folder_license,itch/loose/license.txt,ok_png,1296,720
itch/loose/westerntown_sheetC_3x.png,33001,c9414b8cc18666e3fb2f3b36859ab9d76f17c52a04c968d1b58bae1e90b6362e,png,covered_by_folder_license,itch/loose/license.txt,ok_png,1296,720
itch/loose/westerntowntiles_3.png,12910,718d3ab791616c39ec5e059f3527bf55af5250ed0c2ae7cdab815846d895bb23,png,covered_by_folder_license,itch/loose/license.txt,ok_png,672,384
itch/loose/whirlpool_16_TFA_3x.png,2374,649aec6d638f3aad642fdfb11988fae2f409b04b4f08415420d0c296e30ef7ad,png,covered_by_folder_license,itch/loose/license.txt,ok_png,144,192
itch/loose/whirlpool_16_TFB_3x.png,2439,11d93c8b256cc991d4395d95208f2c06e0da8d8cf457eb1d7512e17f63d14230,png,covered_by_folder_license,itch/loose/license.txt,ok_png,144,192
itch/loose/whirlpool_16_TFD_3x.png,2502,518226062ec0efa9c2c46a600347c0904ab54b235eabee60d92fd4177134528f,png,covered_by_folder_license,itch/loose/license.txt,ok_png,144,192
itch/loose/whirlpool_32_TFA_3x.png,6679,acc1167469175f5b00157232b8494c031f659ef014a3bb4ccfb69d3467af9bdf,png,covered_by_folder_license,itch/loose/license.txt,ok_png,288,384
itch/loose/whirlpool_32_TFB_3x.png,6806,7695e50146b8d4e4c17f7c819883906337184ed952f15dd185d0fc5217a9c93f,png,covered_by_folder_license,itch/loose/license.txt,ok_png,288,384
itch/loose/whirlpool_32_TFD_3x.png,5526,1854123cfa07bea1f35e045b225e0ad5668268f909d3ce2422097f6eaea4e585,png,covered_by_folder_license,itch/loose/license.txt,ok_png,288,384
itch/loose/wisps_blue_RMMV.png,8561,3d1b84ba8289669d016f0e13af0da59cbbeccc5ab5741b6180e21a4f172af223,png,covered_by_folder_license,itch/loose/license.txt,ok_png,960,960
itch/loose/wisps_green_RMMV.png,8264,25c1c92c983da45a4a9d74c9f6a91666ad7f57b209700ad71737610cdbdb00ee,png,covered_by_folder_license,itch/loose/license.txt,ok_png,960,960
itch/loose/wisps_pink_RMMV.png,8254,2d0f91c9db1cd0d3c34aba91ae7837b5843b11443fb239a2b2ccb39159e2f462,png,covered_by_folder_license,itch/loose/license.txt,ok_png,960,960
itch/loose/witch1_3.png,8221,97954b0593ccfd380710c5c9dfc8979eb3b5a773739629592493ec45ab1b3d7a,png,covered_by_folder_license,itch/loose/license.txt,ok_png,234,432
itch/loose/witch1_cauldron_3.png,7273,3b11c6fb66d220640d1855a499700dee44a78175f9daf5641c6bdab7d6721c8d,png,covered_by_folder_license,itch/loose/license.txt,ok_png,288,576
itch/loose/witch2_3.png,8089,a9c3800567a736a7566da97391b6967db77b87ece0c713526567de63b86b59b4,png,covered_by_folder_license,itch/loose/license.txt,ok_png,234,432
itch/loose/witch2_cauldron_3.png,7272,397fa747b5ea6524a9444fd4f7c35a909d0e543119af2b5d8c6af0edffc61e92,png,covered_by_folder_license,itch/loose/license.txt,ok_png,288,576
itch/loose/witchtiles_3.png,5378,60519019798383abec1fbe841f2c7ae7c41da54d9ba00902a7483adabdcb29e2,png,covered_by_folder_license,itch/loose/license.txt,ok_png,384,192
itch/loose/wizardworkshop3.png,17487,d682fd101951b6520507639bb4c440d0b18b76ca7b216d1bff4ae70cd521b499,png,covered_by_folder_license,itch/loose/license.txt,ok_png,384,672
itch/loose/wolf_down.png,9664,c4e81360717099cc73ae35cf0b88625d2566287e7419d5b5dfb594cf4d0a23a5,png,covered_by_folder_license,itch/loose/license.txt,ok_png,384,256
itch/loose/woodbridge_tileset_3.png,33145,883215d967543925a748b4c7ce0a5c09f7ef81d2460d4c0f3ccb55742230bbc9,png,covered_by_folder_license,itch/loose/license.txt,ok_png,768,768
itch/loose/world-canyonaddon_3.png,4565,1aa80b496ce8a3797ac458eca1a89e06780ef46220e5dd13a5e2e71bcb5917d0,png,covered_by_folder_license,itch/loose/license.txt,ok_png,336,432
itch/loose/world-chocotiles_3.png,18386,7ef70647841e0ea3f8f623d408728e7d34ded40647afedf71e7afe37e2e9a2ff,png,covered_by_folder_license,itch/loose/license.txt,ok_png,576,384
itch/loose/world_addon_treeatlantis_1.png,7138,9b9c74ccf35bb74ba9cc14bb7f360130fdb18d59299292ac8cc00a3273e5f1f9,png,covered_by_folder_license,itch/loose/license.txt,ok_png,192,96
itch/loose/world_ruinsA_3.png,3236,9c5da5dded1a26af14cca32eca1cca56ba163c3c6a0382b3e597f972cc875402,png,covered_by_folder_license,itch/loose/license.txt,ok_png,144,240
itch/loose/world_ruinsB_3.png,3998,f3653289fe89aba866212b809e2874a8cd34edf32f77fc349b8394e6f6a70abe,png,covered_by_folder_license,itch/loose/license.txt,ok_png,192,240
itch/loose/world_ruinsC_3.png,4186,0f571857c57f3ef318a082e5aadfe399038969cc48d827c2cc39c9a1a526689d,png,covered_by_folder_license,itch/loose/license.txt,ok_png,192,240
itch/loose/world_traintracks_3.png,9110,2ae9c67ed348c47414e931ebf57db56ed97fcaf2d279891556496863cb7935fb,png,covered_by_folder_license,itch/loose/license.txt,ok_png,480,240
itch/loose/worldhorses_3.png,19060,6bb0d204fbf93d8692c06f593445a633896b24cf4564a6215c5aeb81e07460de,png,covered_by_folder_license,itch/loose/license.txt,ok_png,1728,768
itch/loose/worldhoses_wagon_3.png,44666,5afc963257fcddceae2576617cc800e829dfdaab8bfbe21abfb4bdae422f1fba,png,covered_by_folder_license,itch/loose/license.txt,ok_png,1728,1152
itch/loose/worldmap-brokenbridges-3.png,7768,bc917041fafaa48e9b1e487cbfb31e6efd0f51fc4b2e26c9f02f65e3d4a79ef7,png,covered_by_folder_license,itch/loose/license.txt,ok_png,384,192
itch/loose/worldmap_B_japan_treeatlantis_3.png,33505,8eaf3931f534478463f5bff7ec0a05da818e69c3d26c01e17595c65a9cc9b2c4,png,covered_by_folder_license,itch/loose/license.txt,ok_png,768,768
itch/loose/worldmap_japan_addon_3.png,20985,3128cf784719dc062decf933373a744df22c7e8a6e8cd6baf7abb8bace97c1fd,png,covered_by_folder_license,itch/loose/license.txt,ok_png,768,768
itch/loose/worldmap_path_diagonaladdon_3.png,2849,ec5926134cdf611ab5a6f2ec3be60fc4a6849fb172316b8a76b91f3718ea8dc4,png,covered_by_folder_license,itch/loose/license.txt,ok_png,240,96
itch/loose/worldmaptowns_extras_3.png,43915,9ca75beb09d94a6b0835b6b6cd24d557d7753b7cc6b5f624399ff6a6b5d8208e,png,covered_by_folder_license,itch/loose/license.txt,ok_png,768,768
itch/loose/worldmini_dwarf_3.png,3492,677e3da92c49e498efcb4183288a2103fec4b5c962e2059da1dc81a42270add7,png,covered_by_folder_license,itch/loose/license.txt,ok_png,144,192
itch/loose/worldmini_elf_3.png,3449,ffbe2e43d741cd0dda1c2bcbf652933fdaf6decb6838da56de9b8225b653c109,png,covered_by_folder_license,itch/loose/license.txt,ok_png,144,192
itch/loose/wotf_hero_3.png,32902,e8d05984b1cbbae55286d1d71e848b1843f961ad07dca88c76e17f7d1e6c2ab5,png,covered_by_folder_license,itch/loose/license.txt,ok_png,576,768
itch/loose/wring_e_3.png,6123,d30d0c823147dbc144f766b47c96935c6f67388c57e73f1ee4785553117d0b82,png,covered_by_folder_license,itch/loose/license.txt,ok_png,624,288
itch/loose/wring_tf_3.png,6253,9ec0f58910da585fac275cea985da69c1d12f4cd6745cd859d98d45cadf0b080,png,covered_by_folder_license,itch/loose/license.txt,ok_png,624,288
itch/loose/wyvern_single_green_3.png,30773,a1559a612658ce4537ee77f823e859f6dfaaecc9a9d965f3011a5bcc46f54a6d,png,covered_by_folder_license,itch/loose/license.txt,ok_png,1008,960
itch/loose/wyvern_single_green_shadow_3.png,31032,60c9fde18625fa3cdcad1888e5b51a4f0db7b37095205bf820e312401024ab46,png,covered_by_folder_license,itch/loose/license.txt,ok_png,1008,960
itch/loose/wyvern_single_red_3.png,30566,295ce5d084762f8cb0921a3945c8066182e59334b9e002820748fb7713c28c13,png,covered_by_folder_license,itch/loose/license.txt,ok_png,1008,960
itch/loose/wyvern_single_red_shadow_3.png,30875,5a2f2087f1e259eaf0cd643e60686845268628fafd96c23267ff753e2d48b3ad,png,covered_by_folder_license,itch/loose/license.txt,ok_png,1008,960
itch/loose/zcliffs_3.png,18654,f3d62e8338db1b9196d4ee2361d60fe2584116f5499199e62ec68654ba725451,png,covered_by_folder_license,itch/loose/license.txt,ok_png,672,384
