pack,raw_location,absolute_location,exists,file_count,promotion_recommendation,license_statuses,top_categories
bots-and-bolts-robot-0b4b52d5174a,imports/raw/more_assets_to_ingest/bots-and-bolts-robot-0b4b52d5174a,C:\dev\URPG Maker\imports\raw\more_assets_to_ingest\bots-and-bolts-robot-0b4b52d5174a,True,350,candidate_review,commercial_use_stated_review_required,"sprite_or_character:348, license_or_readme:1, source_art:1"
dungeon-pack-free-version-1dac9c624af1,imports/raw/more_assets_to_ingest/dungeon-pack-free-version-1dac9c624af1,C:\dev\URPG Maker\imports\raw\more_assets_to_ingest\dungeon-pack-free-version-1dac9c624af1,True,234,candidate_review,commercial_use_stated_review_required;unknown_review_required,"tileset:141, sprite_or_character:88, license_or_readme:2, metadata:2"
farming-pack-free-version-0d25b506f7b5,imports/raw/more_assets_to_ingest/farming-pack-free-version-0d25b506f7b5,C:\dev\URPG Maker\imports\raw\more_assets_to_ingest\farming-pack-free-version-0d25b506f7b5,True,211,candidate_review,commercial_use_stated_review_required;unknown_review_required,"tileset:118, sprite_or_character:88, license_or_readme:2, metadata:2"
exterior-pack-free-version-89fca2d76b14,imports/raw/more_assets_to_ingest/exterior-pack-free-version-89fca2d76b14,C:\dev\URPG Maker\imports\raw\more_assets_to_ingest\exterior-pack-free-version-89fca2d76b14,True,162,candidate_review,commercial_use_stated_review_required,"tileset:139, sprite_or_character:20, image_uncategorized:1, license_or_readme:1"
character-pack-full-version-f1cc2853099b,imports/raw/more_assets_to_ingest/character-pack-full-version-f1cc2853099b,C:\dev\URPG Maker\imports\raw\more_assets_to_ingest\character-pack-full-version-f1cc2853099b,True,137,candidate_review,commercial_use_stated_review_required,"sprite_or_character:104, metadata:32, license_or_readme:1"
overworld-pack-free-version-e2e019f48719,imports/raw/more_assets_to_ingest/overworld-pack-free-version-e2e019f48719,C:\dev\URPG Maker\imports\raw\more_assets_to_ingest\overworld-pack-free-version-e2e019f48719,True,90,candidate_review,commercial_use_stated_review_required,"tileset:67, sprite_or_character:20, image_uncategorized:1, license_or_readme:1"
package-marketplace-week40-0ff0c5f1aa47,imports/raw/more_assets_to_ingest/package-marketplace-week40-0ff0c5f1aa47,C:\dev\URPG Maker\imports\raw\more_assets_to_ingest\package-marketplace-week40-0ff0c5f1aa47,True,76,candidate_review,commercial_use_stated_review_required;unknown_review_required,"image_uncategorized:42, sprite_or_character:20, tileset:12, license_or_readme:2"
gigantic-tree-pack-free-version-5157ac448182,imports/raw/more_assets_to_ingest/gigantic-tree-pack-free-version-5157ac448182,C:\dev\URPG Maker\imports\raw\more_assets_to_ingest\gigantic-tree-pack-free-version-5157ac448182,True,35,candidate_review,commercial_use_stated_review_required,"sprite_or_character:20, tileset:12, image_uncategorized:1, license_or_readme:1"
isometric-tiles-town-pack-example-4598c75444ea,imports/raw/more_assets_to_ingest/isometric-tiles-town-pack-example-4598c75444ea,C:\dev\URPG Maker\imports\raw\more_assets_to_ingest\isometric-tiles-town-pack-example-4598c75444ea,True,5,candidate_review,permissive_cc0_or_public_domain,"map_or_tileset_data:4, license_or_readme:1"
sbs-cubemap-splitter-61b2c81e11ae,imports/raw/more_assets_to_ingest/sbs-cubemap-splitter-61b2c81e11ae,C:\dev\URPG Maker\imports\raw\more_assets_to_ingest\sbs-cubemap-splitter-61b2c81e11ae,True,3,candidate_review,permissive_cc0_or_public_domain,"license_or_readme:2, binary_or_tool:1"
amir-forest-nature-pack-ec5f0fa5296f,imports/raw/more_assets_to_ingest/amir-forest-nature-pack-ec5f0fa5296f,C:\dev\URPG Maker\imports\raw\more_assets_to_ingest\amir-forest-nature-pack-ec5f0fa5296f,True,502,hold_quarantine,no_license_evidence,model_3d:502
rpg-effect-all-free-e5df337cf191,imports/raw/more_assets_to_ingest/rpg-effect-all-free-e5df337cf191,C:\dev\URPG Maker\imports\raw\more_assets_to_ingest\rpg-effect-all-free-e5df337cf191,True,273,hold_quarantine,no_license_evidence,vfx:273
armorr-all-56b78f4c5128,imports/raw/more_assets_to_ingest/armorr-all-56b78f4c5128,C:\dev\URPG Maker\imports\raw\more_assets_to_ingest\armorr-all-56b78f4c5128,True,220,hold_quarantine,no_license_evidence,image_uncategorized:220
100-character-head-sprites-pixel-art-asset-pack-890709438d67,imports/raw/more_assets_to_ingest/100-character-head-sprites-pixel-art-asset-pack-890709438d67,C:\dev\URPG Maker\imports\raw\more_assets_to_ingest\100-character-head-sprites-pixel-art-asset-pack-890709438d67,True,215,hold_quarantine,no_license_evidence,sprite_or_character:215
character-generator-aef4f7ee8881,imports/raw/more_assets_to_ingest/character-generator-aef4f7ee8881,C:\dev\URPG Maker\imports\raw\more_assets_to_ingest\character-generator-aef4f7ee8881,True,203,hold_quarantine,no_license_evidence,"sprite_or_character:201, source_art:2"
car-and-tank-part-all-a8cfc3e788ac,imports/raw/more_assets_to_ingest/car-and-tank-part-all-a8cfc3e788ac,C:\dev\URPG Maker\imports\raw\more_assets_to_ingest\car-and-tank-part-all-a8cfc3e788ac,True,200,hold_quarantine,no_license_evidence,image_uncategorized:200
effect-and-fx-pixel-all-free-bb00acab48b9,imports/raw/more_assets_to_ingest/effect-and-fx-pixel-all-free-bb00acab48b9,C:\dev\URPG Maker\imports\raw\more_assets_to_ingest\effect-and-fx-pixel-all-free-bb00acab48b9,True,196,hold_quarantine,no_license_evidence,vfx:196
starter-tiles-platformer-e8a5cad5b8c1,imports/raw/more_assets_to_ingest/starter-tiles-platformer-e8a5cad5b8c1,C:\dev\URPG Maker\imports\raw\more_assets_to_ingest\starter-tiles-platformer-e8a5cad5b8c1,True,179,hold_quarantine,no_license_evidence,tileset:179
170-block-textures-pixel-art-asset-pack-dcab0df71260,imports/raw/more_assets_to_ingest/170-block-textures-pixel-art-asset-pack-dcab0df71260,C:\dev\URPG Maker\imports\raw\more_assets_to_ingest\170-block-textures-pixel-art-asset-pack-dcab0df71260,True,173,hold_quarantine,no_license_evidence,"image_uncategorized:168, tileset:5"
100-cars-vehicles-pixel-art-pack-c51bfaba9e18,imports/raw/more_assets_to_ingest/100-cars-vehicles-pixel-art-pack-c51bfaba9e18,C:\dev\URPG Maker\imports\raw\more_assets_to_ingest\100-cars-vehicles-pixel-art-pack-c51bfaba9e18,True,124,hold_quarantine,no_license_evidence,image_uncategorized:124
pixel-avatar-frame-all-268d1c795b91,imports/raw/more_assets_to_ingest/pixel-avatar-frame-all-268d1c795b91,C:\dev\URPG Maker\imports\raw\more_assets_to_ingest\pixel-avatar-frame-all-268d1c795b91,True,100,hold_quarantine,no_license_evidence,image_uncategorized:100
pixel-gate-all-2dd2925080a7,imports/raw/more_assets_to_ingest/pixel-gate-all-2dd2925080a7,C:\dev\URPG Maker\imports\raw\more_assets_to_ingest\pixel-gate-all-2dd2925080a7,True,100,hold_quarantine,no_license_evidence,image_uncategorized:100
pixel-ui-icon-all-0110ed186696,imports/raw/more_assets_to_ingest/pixel-ui-icon-all-0110ed186696,C:\dev\URPG Maker\imports\raw\more_assets_to_ingest\pixel-ui-icon-all-0110ed186696,True,100,hold_quarantine,no_license_evidence,ui:100
90-fishing-pixel-art-icons-5bf6daa1f748,imports/raw/more_assets_to_ingest/90-fishing-pixel-art-icons-5bf6daa1f748,C:\dev\URPG Maker\imports\raw\more_assets_to_ingest\90-fishing-pixel-art-icons-5bf6daa1f748,True,90,hold_quarantine,no_license_evidence,"ui:89, sprite_or_character:1"
medal-icon-all-87736d39a2d4,imports/raw/more_assets_to_ingest/medal-icon-all-87736d39a2d4,C:\dev\URPG Maker\imports\raw\more_assets_to_ingest\medal-icon-all-87736d39a2d4,True,80,hold_quarantine,no_license_evidence,ui:80
treasure-mirror-all-ac156882c17d,imports/raw/more_assets_to_ingest/treasure-mirror-all-ac156882c17d,C:\dev\URPG Maker\imports\raw\more_assets_to_ingest\treasure-mirror-all-ac156882c17d,True,80,hold_quarantine,no_license_evidence,image_uncategorized:80
philippine-mythological-creature-sprites-f55b219b6145,imports/raw/more_assets_to_ingest/philippine-mythological-creature-sprites-f55b219b6145,C:\dev\URPG Maker\imports\raw\more_assets_to_ingest\philippine-mythological-creature-sprites-f55b219b6145,True,74,hold_quarantine,no_license_evidence,sprite_or_character:74
shader-cylinder-64x96-all-free-b444f61fcd48,imports/raw/more_assets_to_ingest/shader-cylinder-64x96-all-free-b444f61fcd48,C:\dev\URPG Maker\imports\raw\more_assets_to_ingest\shader-cylinder-64x96-all-free-b444f61fcd48,True,66,hold_quarantine,no_license_evidence,image_uncategorized:66
48x48-shader-slash-free-0a3af61216f8,imports/raw/more_assets_to_ingest/48x48-shader-slash-free-0a3af61216f8,C:\dev\URPG Maker\imports\raw\more_assets_to_ingest\48x48-shader-slash-free-0a3af61216f8,True,65,hold_quarantine,no_license_evidence,image_uncategorized:65
trap-and-weapon-c0c5bfe3897b,imports/raw/more_assets_to_ingest/trap-and-weapon-c0c5bfe3897b,C:\dev\URPG Maker\imports\raw\more_assets_to_ingest\trap-and-weapon-c0c5bfe3897b,True,64,hold_quarantine,no_license_evidence,"image_uncategorized:63, nested_archive:1"
environment-decor-all-eee509a21e3f,imports/raw/more_assets_to_ingest/environment-decor-all-eee509a21e3f,C:\dev\URPG Maker\imports\raw\more_assets_to_ingest\environment-decor-all-eee509a21e3f,True,60,hold_quarantine,no_license_evidence,image_uncategorized:60
pixel-tree-all-6a9f77ccfbc9,imports/raw/more_assets_to_ingest/pixel-tree-all-6a9f77ccfbc9,C:\dev\URPG Maker\imports\raw\more_assets_to_ingest\pixel-tree-all-6a9f77ccfbc9,True,60,hold_quarantine,no_license_evidence,image_uncategorized:60
retro-impact-effect-pack-all-2c0bb95415b8,imports/raw/more_assets_to_ingest/retro-impact-effect-pack-all-2c0bb95415b8,C:\dev\URPG Maker\imports\raw\more_assets_to_ingest\retro-impact-effect-pack-all-2c0bb95415b8,True,60,hold_quarantine,no_license_evidence,vfx:60
fantasy-structures-props-pixel-art-asset-pack-3bcd7adbf62e,imports/raw/more_assets_to_ingest/fantasy-structures-props-pixel-art-asset-pack-3bcd7adbf62e,C:\dev\URPG Maker\imports\raw\more_assets_to_ingest\fantasy-structures-props-pixel-art-asset-pack-3bcd7adbf62e,True,56,hold_quarantine,no_license_evidence,"image_uncategorized:54, ui:2"
alchemy-cauldrons-pixel-art-asset-pack-fe3e5092b2b7,imports/raw/more_assets_to_ingest/alchemy-cauldrons-pixel-art-asset-pack-fe3e5092b2b7,C:\dev\URPG Maker\imports\raw\more_assets_to_ingest\alchemy-cauldrons-pixel-art-asset-pack-fe3e5092b2b7,True,53,hold_quarantine,no_license_evidence,"image_uncategorized:36, ui:17"
64x64-explo-and-power-free-c269ced7094c,imports/raw/more_assets_to_ingest/64x64-explo-and-power-free-c269ced7094c,C:\dev\URPG Maker\imports\raw\more_assets_to_ingest\64x64-explo-and-power-free-c269ced7094c,True,52,hold_quarantine,no_license_evidence,image_uncategorized:52
medievalfantasyadventurersprites-74041fa6864e,imports/raw/more_assets_to_ingest/medievalfantasyadventurersprites-74041fa6864e,C:\dev\URPG Maker\imports\raw\more_assets_to_ingest\medievalfantasyadventurersprites-74041fa6864e,True,51,hold_quarantine,no_license_evidence,"sprite_or_character:48, tileset:3"
trap-e6da1fdf15a0,imports/raw/more_assets_to_ingest/trap-e6da1fdf15a0,C:\dev\URPG Maker\imports\raw\more_assets_to_ingest\trap-e6da1fdf15a0,True,44,hold_quarantine,no_license_evidence,image_uncategorized:44
dark-rpg-gui-kit-pixel-art-asset-pack-c4fe646cab4e,imports/raw/more_assets_to_ingest/dark-rpg-gui-kit-pixel-art-asset-pack-c4fe646cab4e,C:\dev\URPG Maker\imports\raw\more_assets_to_ingest\dark-rpg-gui-kit-pixel-art-asset-pack-c4fe646cab4e,True,43,hold_quarantine,no_license_evidence,"ui:39, portrait:3, sprite_or_character:1"
500-bullet-24x24-free-f00d92cd6bd0,imports/raw/more_assets_to_ingest/500-bullet-24x24-free-f00d92cd6bd0,C:\dev\URPG Maker\imports\raw\more_assets_to_ingest\500-bullet-24x24-free-f00d92cd6bd0,True,41,hold_quarantine,no_license_evidence,image_uncategorized:41
72-character-free-74b75dec4ddb,imports/raw/more_assets_to_ingest/72-character-free-74b75dec4ddb,C:\dev\URPG Maker\imports\raw\more_assets_to_ingest\72-character-free-74b75dec4ddb,True,37,hold_quarantine,no_license_evidence,sprite_or_character:37
junkyard-heroes-0cc3b1a72f2f,imports/raw/more_assets_to_ingest/junkyard-heroes-0cc3b1a72f2f,C:\dev\URPG Maker\imports\raw\more_assets_to_ingest\junkyard-heroes-0cc3b1a72f2f,True,36,hold_quarantine,no_license_evidence,"image_uncategorized:14, sprite_or_character:14, audio_music_or_ambient:4, portrait:4"
super-package-retro-pixel-effects-32x32-pack-2-free-1b098753cbd0,imports/raw/more_assets_to_ingest/super-package-retro-pixel-effects-32x32-pack-2-free-1b098753cbd0,C:\dev\URPG Maker\imports\raw\more_assets_to_ingest\super-package-retro-pixel-effects-32x32-pack-2-free-1b098753cbd0,True,36,hold_quarantine,no_license_evidence,vfx:36
custom-border-and-panels-menu-all-part-34b7570151bb,imports/raw/more_assets_to_ingest/custom-border-and-panels-menu-all-part-34b7570151bb,C:\dev\URPG Maker\imports\raw\more_assets_to_ingest\custom-border-and-panels-menu-all-part-34b7570151bb,True,35,hold_quarantine,no_license_evidence,ui:35
super-retro-world-interior-pack-week42-d44d3f002d48,imports/raw/more_assets_to_ingest/super-retro-world-interior-pack-week42-d44d3f002d48,C:\dev\URPG Maker\imports\raw\more_assets_to_ingest\super-retro-world-interior-pack-week42-d44d3f002d48,True,32,hold_quarantine,unknown_review_required,"image_uncategorized:24, tileset:6, license_or_readme:1, nested_archive:1"
high-fantasy-heroes-ba708b186ecc,imports/raw/more_assets_to_ingest/high-fantasy-heroes-ba708b186ecc,C:\dev\URPG Maker\imports\raw\more_assets_to_ingest\high-fantasy-heroes-ba708b186ecc,True,25,hold_quarantine,no_license_evidence,"sprite_or_character:12, image_uncategorized:9, portrait:4"
cat-pixel-mega-pack-44e9b7faf009,imports/raw/more_assets_to_ingest/cat-pixel-mega-pack-44e9b7faf009,C:\dev\URPG Maker\imports\raw\more_assets_to_ingest\cat-pixel-mega-pack-44e9b7faf009,True,24,hold_quarantine,no_license_evidence,image_uncategorized:24
puny-characters-861ad0bfcff9,imports/raw/more_assets_to_ingest/puny-characters-861ad0bfcff9,C:\dev\URPG Maker\imports\raw\more_assets_to_ingest\puny-characters-861ad0bfcff9,True,24,hold_quarantine,no_license_evidence,sprite_or_character:24
bomb-trio-15a9a5f617ca,imports/raw/more_assets_to_ingest/bomb-trio-15a9a5f617ca,C:\dev\URPG Maker\imports\raw\more_assets_to_ingest\bomb-trio-15a9a5f617ca,True,22,hold_quarantine,no_license_evidence,image_uncategorized:22
valley-ruin-asset-pack-v0-3-9462cba01349,imports/raw/more_assets_to_ingest/valley-ruin-asset-pack-v0-3-9462cba01349,C:\dev\URPG Maker\imports\raw\more_assets_to_ingest\valley-ruin-asset-pack-v0-3-9462cba01349,True,22,hold_quarantine,no_license_evidence,"tileset:10, ui:6, sprite_or_character:4, source_art:2"
adventure-character-16x16-5de188278627,imports/raw/more_assets_to_ingest/adventure-character-16x16-5de188278627,C:\dev\URPG Maker\imports\raw\more_assets_to_ingest\adventure-character-16x16-5de188278627,True,21,hold_quarantine,no_license_evidence,sprite_or_character:21
cursed-trees-325ceed068dc,imports/raw/more_assets_to_ingest/cursed-trees-325ceed068dc,C:\dev\URPG Maker\imports\raw\more_assets_to_ingest\cursed-trees-325ceed068dc,True,20,hold_quarantine,attribution_required_review_required,"image_uncategorized:19, license_or_readme:1"
low-poly-food-assets-set-7c4692b0334b,imports/raw/more_assets_to_ingest/low-poly-food-assets-set-7c4692b0334b,C:\dev\URPG Maker\imports\raw\more_assets_to_ingest\low-poly-food-assets-set-7c4692b0334b,True,20,hold_quarantine,no_license_evidence,model_3d:20
masive-update-2-0-1000-assets-80d3c2d7191d,imports/raw/more_assets_to_ingest/masive-update-2-0-1000-assets-80d3c2d7191d,C:\dev\URPG Maker\imports\raw\more_assets_to_ingest\masive-update-2-0-1000-assets-80d3c2d7191d,True,20,hold_quarantine,no_license_evidence,"image_uncategorized:16, tileset:2, ui:1, vfx:1"
retro-pixel-ribbons-banners-and-frames-2-4e1baaceda18,imports/raw/more_assets_to_ingest/retro-pixel-ribbons-banners-and-frames-2-4e1baaceda18,C:\dev\URPG Maker\imports\raw\more_assets_to_ingest\retro-pixel-ribbons-banners-and-frames-2-4e1baaceda18,True,19,hold_quarantine,no_license_evidence,image_uncategorized:19
pixel-enemy-platformer-919122b8b9ea,imports/raw/more_assets_to_ingest/pixel-enemy-platformer-919122b8b9ea,C:\dev\URPG Maker\imports\raw\more_assets_to_ingest\pixel-enemy-platformer-919122b8b9ea,True,18,hold_quarantine,no_license_evidence,sprite_or_character:18
low-poly-props-set-e2af304e2b28,imports/raw/more_assets_to_ingest/low-poly-props-set-e2af304e2b28,C:\dev\URPG Maker\imports\raw\more_assets_to_ingest\low-poly-props-set-e2af304e2b28,True,16,hold_quarantine,no_license_evidence,model_3d:16
treasure-d42253f71917,imports/raw/more_assets_to_ingest/treasure-d42253f71917,C:\dev\URPG Maker\imports\raw\more_assets_to_ingest\treasure-d42253f71917,True,16,hold_quarantine,no_license_evidence,image_uncategorized:16
puny-dungeon-v1-22fd85633ccd,imports/raw/more_assets_to_ingest/puny-dungeon-v1-22fd85633ccd,C:\dev\URPG Maker\imports\raw\more_assets_to_ingest\puny-dungeon-v1-22fd85633ccd,True,15,hold_quarantine,no_license_evidence,"tileset:8, map_or_tileset_data:7"
cragnaw-0accf62a9626,imports/raw/more_assets_to_ingest/cragnaw-0accf62a9626,C:\dev\URPG Maker\imports\raw\more_assets_to_ingest\cragnaw-0accf62a9626,True,13,hold_quarantine,attribution_required_review_required,"image_uncategorized:12, license_or_readme:1"
dragon-boss-kamedran-734f295ef454,imports/raw/more_assets_to_ingest/dragon-boss-kamedran-734f295ef454,C:\dev\URPG Maker\imports\raw\more_assets_to_ingest\dragon-boss-kamedran-734f295ef454,True,13,hold_quarantine,attribution_required_review_required,"image_uncategorized:12, license_or_readme:1"
gaja-43c648a8d855,imports/raw/more_assets_to_ingest/gaja-43c648a8d855,C:\dev\URPG Maker\imports\raw\more_assets_to_ingest\gaja-43c648a8d855,True,13,hold_quarantine,attribution_required_review_required,"image_uncategorized:12, license_or_readme:1"
topdown-monsters-part-1-free-e2561ffb99f9,imports/raw/more_assets_to_ingest/topdown-monsters-part-1-free-e2561ffb99f9,C:\dev\URPG Maker\imports\raw\more_assets_to_ingest\topdown-monsters-part-1-free-e2561ffb99f9,True,13,hold_quarantine,no_license_evidence,sprite_or_character:13
animal-mega-pack-aa25ca37fc30,imports/raw/more_assets_to_ingest/animal-mega-pack-aa25ca37fc30,C:\dev\URPG Maker\imports\raw\more_assets_to_ingest\animal-mega-pack-aa25ca37fc30,True,11,hold_quarantine,no_license_evidence,image_uncategorized:11
cat-pixel-mega-pack-materials-116d3cf56e03,imports/raw/more_assets_to_ingest/cat-pixel-mega-pack-materials-116d3cf56e03,C:\dev\URPG Maker\imports\raw\more_assets_to_ingest\cat-pixel-mega-pack-materials-116d3cf56e03,True,11,hold_quarantine,no_license_evidence,"image_uncategorized:10, nested_archive:1"
cat-pack-halloween-edition-e2d6e6cb3bd6,imports/raw/more_assets_to_ingest/cat-pack-halloween-edition-e2d6e6cb3bd6,C:\dev\URPG Maker\imports\raw\more_assets_to_ingest\cat-pack-halloween-edition-e2d6e6cb3bd6,True,10,hold_quarantine,no_license_evidence,"image_uncategorized:9, source_art:1"
factory-monster-pack-1-20abec1e1e29,imports/raw/more_assets_to_ingest/factory-monster-pack-1-20abec1e1e29,C:\dev\URPG Maker\imports\raw\more_assets_to_ingest\factory-monster-pack-1-20abec1e1e29,True,10,hold_quarantine,no_license_evidence,sprite_or_character:10
free-effect-bullet-impact-explosion-32x32-v1-e6a15a0d34a0,imports/raw/more_assets_to_ingest/free-effect-bullet-impact-explosion-32x32-v1-e6a15a0d34a0,C:\dev\URPG Maker\imports\raw\more_assets_to_ingest\free-effect-bullet-impact-explosion-32x32-v1-e6a15a0d34a0,True,10,hold_quarantine,no_license_evidence,vfx:10
platformer-asset-all-dd9899062868,imports/raw/more_assets_to_ingest/platformer-asset-all-dd9899062868,C:\dev\URPG Maker\imports\raw\more_assets_to_ingest\platformer-asset-all-dd9899062868,True,10,hold_quarantine,no_license_evidence,image_uncategorized:10
super-retro-crawler-dungeon-07-4b60f9128658,imports/raw/more_assets_to_ingest/super-retro-crawler-dungeon-07-4b60f9128658,C:\dev\URPG Maker\imports\raw\more_assets_to_ingest\super-retro-crawler-dungeon-07-4b60f9128658,True,10,hold_quarantine,commercial_use_stated_review_required,"image_uncategorized:8, license_or_readme:1, tileset:1"
dragon-sprites-pack-1-6c49e5b5cf62,imports/raw/more_assets_to_ingest/dragon-sprites-pack-1-6c49e5b5cf62,C:\dev\URPG Maker\imports\raw\more_assets_to_ingest\dragon-sprites-pack-1-6c49e5b5cf62,True,9,hold_quarantine,no_license_evidence,"sprite_or_character:8, metadata:1"
pixel-ui-pack-3-3266207a96af,imports/raw/more_assets_to_ingest/pixel-ui-pack-3-3266207a96af,C:\dev\URPG Maker\imports\raw\more_assets_to_ingest\pixel-ui-pack-3-3266207a96af,True,9,hold_quarantine,no_license_evidence,ui:9
pixel-ui-pack-3-a240f85902c2,imports/raw/more_assets_to_ingest/pixel-ui-pack-3-a240f85902c2,C:\dev\URPG Maker\imports\raw\more_assets_to_ingest\pixel-ui-pack-3-a240f85902c2,True,9,hold_quarantine,no_license_evidence,ui:9
punymonsters-20fd041baf87,imports/raw/more_assets_to_ingest/punymonsters-20fd041baf87,C:\dev\URPG Maker\imports\raw\more_assets_to_ingest\punymonsters-20fd041baf87,True,9,hold_quarantine,no_license_evidence,sprite_or_character:9
tileset-demo-ae5898e508ba,imports/raw/more_assets_to_ingest/tileset-demo-ae5898e508ba,C:\dev\URPG Maker\imports\raw\more_assets_to_ingest\tileset-demo-ae5898e508ba,True,9,hold_quarantine,no_license_evidence,"source_art:5, tileset:4"
16x16-assorted-rpg-icons-5b2e700739ee,imports/raw/more_assets_to_ingest/16x16-assorted-rpg-icons-5b2e700739ee,C:\dev\URPG Maker\imports\raw\more_assets_to_ingest\16x16-assorted-rpg-icons-5b2e700739ee,True,8,hold_quarantine,no_license_evidence,ui:8
free-smoke-fx-pixel-2-7cd04ae6dc71,imports/raw/more_assets_to_ingest/free-smoke-fx-pixel-2-7cd04ae6dc71,C:\dev\URPG Maker\imports\raw\more_assets_to_ingest\free-smoke-fx-pixel-2-7cd04ae6dc71,True,8,hold_quarantine,no_license_evidence,image_uncategorized:8
low-poly-horses-pack-a63d633ecd4c,imports/raw/more_assets_to_ingest/low-poly-horses-pack-a63d633ecd4c,C:\dev\URPG Maker\imports\raw\more_assets_to_ingest\low-poly-horses-pack-a63d633ecd4c,True,8,hold_quarantine,no_license_evidence,model_3d:8
summons-pack-1-03cadd9d015d,imports/raw/more_assets_to_ingest/summons-pack-1-03cadd9d015d,C:\dev\URPG Maker\imports\raw\more_assets_to_ingest\summons-pack-1-03cadd9d015d,True,8,hold_quarantine,no_license_evidence,"image_uncategorized:7, metadata:1"
ui-user-interface-mega-pack-3ace34ac0532,imports/raw/more_assets_to_ingest/ui-user-interface-mega-pack-3ace34ac0532,C:\dev\URPG Maker\imports\raw\more_assets_to_ingest\ui-user-interface-mega-pack-3ace34ac0532,True,8,hold_quarantine,no_license_evidence,portrait:8
monsters-pack-e6a051a26a7c,imports/raw/more_assets_to_ingest/monsters-pack-e6a051a26a7c,C:\dev\URPG Maker\imports\raw\more_assets_to_ingest\monsters-pack-e6a051a26a7c,True,7,hold_quarantine,no_license_evidence,"sprite_or_character:6, metadata:1"
puny-world-v1-218429e25d6d,imports/raw/more_assets_to_ingest/puny-world-v1-218429e25d6d,C:\dev\URPG Maker\imports\raw\more_assets_to_ingest\puny-world-v1-218429e25d6d,True,7,hold_quarantine,no_license_evidence,"map_or_tileset_data:6, tileset:1"
cimson-gothic-castle-2-87d1ce2bc24c,imports/raw/more_assets_to_ingest/cimson-gothic-castle-2-87d1ce2bc24c,C:\dev\URPG Maker\imports\raw\more_assets_to_ingest\cimson-gothic-castle-2-87d1ce2bc24c,True,6,hold_quarantine,no_license_evidence,image_uncategorized:6
crimson-gothic-castle-3-114e62ba0060,imports/raw/more_assets_to_ingest/crimson-gothic-castle-3-114e62ba0060,C:\dev\URPG Maker\imports\raw\more_assets_to_ingest\crimson-gothic-castle-3-114e62ba0060,True,6,hold_quarantine,no_license_evidence,image_uncategorized:6
crimson-gothic-castle-4-a2d6a05605a8,imports/raw/more_assets_to_ingest/crimson-gothic-castle-4-a2d6a05605a8,C:\dev\URPG Maker\imports\raw\more_assets_to_ingest\crimson-gothic-castle-4-a2d6a05605a8,True,6,hold_quarantine,no_license_evidence,image_uncategorized:6
crimson-gothic-castle-5-d711242371fb,imports/raw/more_assets_to_ingest/crimson-gothic-castle-5-d711242371fb,C:\dev\URPG Maker\imports\raw\more_assets_to_ingest\crimson-gothic-castle-5-d711242371fb,True,6,hold_quarantine,no_license_evidence,image_uncategorized:6
plains-parallax-separate-layers-9b3f398cfdb4,imports/raw/more_assets_to_ingest/plains-parallax-separate-layers-9b3f398cfdb4,C:\dev\URPG Maker\imports\raw\more_assets_to_ingest\plains-parallax-separate-layers-9b3f398cfdb4,True,6,hold_quarantine,no_license_evidence,background:6
16x16-weapons-rpg-icons-19a35361c9de,imports/raw/more_assets_to_ingest/16x16-weapons-rpg-icons-19a35361c9de,C:\dev\URPG Maker\imports\raw\more_assets_to_ingest\16x16-weapons-rpg-icons-19a35361c9de,True,5,hold_quarantine,no_license_evidence,ui:5
hazmat-character-277ff4c3e0be,imports/raw/more_assets_to_ingest/hazmat-character-277ff4c3e0be,C:\dev\URPG Maker\imports\raw\more_assets_to_ingest\hazmat-character-277ff4c3e0be,True,5,hold_quarantine,no_license_evidence,"model_3d:2, binary_or_tool:1, source_art:1, sprite_or_character:1"
magic-shader-part-5-f6072eee5dcd,imports/raw/more_assets_to_ingest/magic-shader-part-5-f6072eee5dcd,C:\dev\URPG Maker\imports\raw\more_assets_to_ingest\magic-shader-part-5-f6072eee5dcd,True,5,hold_quarantine,no_license_evidence,vfx:5
pet-mobile-pixel-asset-pack-482f6baec0ed,imports/raw/more_assets_to_ingest/pet-mobile-pixel-asset-pack-482f6baec0ed,C:\dev\URPG Maker\imports\raw\more_assets_to_ingest\pet-mobile-pixel-asset-pack-482f6baec0ed,True,5,hold_quarantine,no_license_evidence,image_uncategorized:5
cat-pack-mochi-716823b738d9,imports/raw/more_assets_to_ingest/cat-pack-mochi-716823b738d9,C:\dev\URPG Maker\imports\raw\more_assets_to_ingest\cat-pack-mochi-716823b738d9,True,4,hold_quarantine,no_license_evidence,image_uncategorized:4
crimson-gothic-castle-ad30a78c75fa,imports/raw/more_assets_to_ingest/crimson-gothic-castle-ad30a78c75fa,C:\dev\URPG Maker\imports\raw\more_assets_to_ingest\crimson-gothic-castle-ad30a78c75fa,True,4,hold_quarantine,no_license_evidence,image_uncategorized:4
dragon-evolutions-4c3dc61dc043,imports/raw/more_assets_to_ingest/dragon-evolutions-4c3dc61dc043,C:\dev\URPG Maker\imports\raw\more_assets_to_ingest\dragon-evolutions-4c3dc61dc043,True,4,hold_quarantine,attribution_required_review_required,"image_uncategorized:3, license_or_readme:1"
effect-and-bullet-16x16-29a4d863c0aa,imports/raw/more_assets_to_ingest/effect-and-bullet-16x16-29a4d863c0aa,C:\dev\URPG Maker\imports\raw\more_assets_to_ingest\effect-and-bullet-16x16-29a4d863c0aa,True,4,hold_quarantine,no_license_evidence,vfx:4
goblin-gang-e1ce48f9d690,imports/raw/more_assets_to_ingest/goblin-gang-e1ce48f9d690,C:\dev\URPG Maker\imports\raw\more_assets_to_ingest\goblin-gang-e1ce48f9d690,True,4,hold_quarantine,attribution_required_review_required,"image_uncategorized:3, license_or_readme:1"
patch-1-716309ce9841,imports/raw/more_assets_to_ingest/patch-1-716309ce9841,C:\dev\URPG Maker\imports\raw\more_assets_to_ingest\patch-1-716309ce9841,True,4,hold_quarantine,no_license_evidence,image_uncategorized:4
lowplycharacters-0-1-7cf1595239b1,imports/raw/more_assets_to_ingest/lowplycharacters-0-1-7cf1595239b1,C:\dev\URPG Maker\imports\raw\more_assets_to_ingest\lowplycharacters-0-1-7cf1595239b1,True,3,hold_quarantine,no_license_evidence,model_3d:3
amir-low-poly-modular-characters-across-time-f4ecdd2166a8,imports/raw/more_assets_to_ingest/amir-low-poly-modular-characters-across-time-f4ecdd2166a8,C:\dev\URPG Maker\imports\raw\more_assets_to_ingest\amir-low-poly-modular-characters-across-time-f4ecdd2166a8,True,2,hold_quarantine,no_license_evidence,model_3d:2
dog-mega-pack-48908044955e,imports/raw/more_assets_to_ingest/dog-mega-pack-48908044955e,C:\dev\URPG Maker\imports\raw\more_assets_to_ingest\dog-mega-pack-48908044955e,True,2,hold_quarantine,no_license_evidence,image_uncategorized:2
elven-forest-asset-pack-b10b1cfc46bc,imports/raw/more_assets_to_ingest/elven-forest-asset-pack-b10b1cfc46bc,C:\dev\URPG Maker\imports\raw\more_assets_to_ingest\elven-forest-asset-pack-b10b1cfc46bc,True,2,hold_quarantine,no_license_evidence,image_uncategorized:2
great-war-rpg-maker-houses-6efa86dd0b03,imports/raw/more_assets_to_ingest/great-war-rpg-maker-houses-6efa86dd0b03,C:\dev\URPG Maker\imports\raw\more_assets_to_ingest\great-war-rpg-maker-houses-6efa86dd0b03,True,2,hold_quarantine,no_license_evidence,image_uncategorized:2
pixel-holy-spell-effect-32x32-pack-3-9a2962a4d643,imports/raw/more_assets_to_ingest/pixel-holy-spell-effect-32x32-pack-3-9a2962a4d643,C:\dev\URPG Maker\imports\raw\more_assets_to_ingest\pixel-holy-spell-effect-32x32-pack-3-9a2962a4d643,True,2,hold_quarantine,no_license_evidence,vfx:2
zombie-dead-cats-537a22659faf,imports/raw/more_assets_to_ingest/zombie-dead-cats-537a22659faf,C:\dev\URPG Maker\imports\raw\more_assets_to_ingest\zombie-dead-cats-537a22659faf,True,2,hold_quarantine,no_license_evidence,image_uncategorized:2
1-grass-tiles-6b1013749468,imports/raw/more_assets_to_ingest/1-grass-tiles-6b1013749468,C:\dev\URPG Maker\imports\raw\more_assets_to_ingest\1-grass-tiles-6b1013749468,True,1,hold_quarantine,no_license_evidence,tileset:1
1-marble-floor-tiles-71b5c65e13fb,imports/raw/more_assets_to_ingest/1-marble-floor-tiles-71b5c65e13fb,C:\dev\URPG Maker\imports\raw\more_assets_to_ingest\1-marble-floor-tiles-71b5c65e13fb,True,1,hold_quarantine,no_license_evidence,tileset:1
1-ocean-floor-tiles-c1ab45e4c72f,imports/raw/more_assets_to_ingest/1-ocean-floor-tiles-c1ab45e4c72f,C:\dev\URPG Maker\imports\raw\more_assets_to_ingest\1-ocean-floor-tiles-c1ab45e4c72f,True,1,hold_quarantine,no_license_evidence,tileset:1
1-snow-floor-tiles-01d72d36b3d7,imports/raw/more_assets_to_ingest/1-snow-floor-tiles-01d72d36b3d7,C:\dev\URPG Maker\imports\raw\more_assets_to_ingest\1-snow-floor-tiles-01d72d36b3d7,True,1,hold_quarantine,no_license_evidence,tileset:1
10-altars-and-offering-9d7470aea84e,imports/raw/more_assets_to_ingest/10-altars-and-offering-9d7470aea84e,C:\dev\URPG Maker\imports\raw\more_assets_to_ingest\10-altars-and-offering-9d7470aea84e,True,1,hold_quarantine,no_license_evidence,image_uncategorized:1
10-bridges-and-wooden-walkways-6e4d0b5f07bb,imports/raw/more_assets_to_ingest/10-bridges-and-wooden-walkways-6e4d0b5f07bb,C:\dev\URPG Maker\imports\raw\more_assets_to_ingest\10-bridges-and-wooden-walkways-6e4d0b5f07bb,True,1,hold_quarantine,no_license_evidence,image_uncategorized:1
10-petals-and-ground-details-7e3892394ad8,imports/raw/more_assets_to_ingest/10-petals-and-ground-details-7e3892394ad8,C:\dev\URPG Maker\imports\raw\more_assets_to_ingest\10-petals-and-ground-details-7e3892394ad8,True,1,hold_quarantine,no_license_evidence,image_uncategorized:1
10-ruins-pillars-and-columns-5001ebd19fa0,imports/raw/more_assets_to_ingest/10-ruins-pillars-and-columns-5001ebd19fa0,C:\dev\URPG Maker\imports\raw\more_assets_to_ingest\10-ruins-pillars-and-columns-5001ebd19fa0,True,1,hold_quarantine,no_license_evidence,ui:1
11-amphoras-and-pottery-541c10859454,imports/raw/more_assets_to_ingest/11-amphoras-and-pottery-541c10859454,C:\dev\URPG Maker\imports\raw\more_assets_to_ingest\11-amphoras-and-pottery-541c10859454,True,1,hold_quarantine,no_license_evidence,image_uncategorized:1
11-fences-and-gates-ecccbe7f98f2,imports/raw/more_assets_to_ingest/11-fences-and-gates-ecccbe7f98f2,C:\dev\URPG Maker\imports\raw\more_assets_to_ingest\11-fences-and-gates-ecccbe7f98f2,True,1,hold_quarantine,no_license_evidence,image_uncategorized:1
11-underwater-doors-and-gates-7a5747c3dc0d,imports/raw/more_assets_to_ingest/11-underwater-doors-and-gates-7a5747c3dc0d,C:\dev\URPG Maker\imports\raw\more_assets_to_ingest\11-underwater-doors-and-gates-7a5747c3dc0d,True,1,hold_quarantine,no_license_evidence,image_uncategorized:1
11-village-furniture-and-props-5356df3d9917,imports/raw/more_assets_to_ingest/11-village-furniture-and-props-5356df3d9917,C:\dev\URPG Maker\imports\raw\more_assets_to_ingest\11-village-furniture-and-props-5356df3d9917,True,1,hold_quarantine,no_license_evidence,image_uncategorized:1
12-bridges-and-boardwalks-e13de7b9eefb,imports/raw/more_assets_to_ingest/12-bridges-and-boardwalks-e13de7b9eefb,C:\dev\URPG Maker\imports\raw\more_assets_to_ingest\12-bridges-and-boardwalks-e13de7b9eefb,True,1,hold_quarantine,no_license_evidence,image_uncategorized:1
12-cave-entrances-7e65850c30bf,imports/raw/more_assets_to_ingest/12-cave-entrances-7e65850c30bf,C:\dev\URPG Maker\imports\raw\more_assets_to_ingest\12-cave-entrances-7e65850c30bf,True,1,hold_quarantine,no_license_evidence,image_uncategorized:1
12-crates-barrels-and-storage-3e7b7291aca3,imports/raw/more_assets_to_ingest/12-crates-barrels-and-storage-3e7b7291aca3,C:\dev\URPG Maker\imports\raw\more_assets_to_ingest\12-crates-barrels-and-storage-3e7b7291aca3,True,1,hold_quarantine,no_license_evidence,image_uncategorized:1
12-market-props-and-crates-a6e3414e0dab,imports/raw/more_assets_to_ingest/12-market-props-and-crates-a6e3414e0dab,C:\dev\URPG Maker\imports\raw\more_assets_to_ingest\12-market-props-and-crates-a6e3414e0dab,True,1,hold_quarantine,no_license_evidence,image_uncategorized:1
13-bridges-and-platforms-0490da9a8206,imports/raw/more_assets_to_ingest/13-bridges-and-platforms-0490da9a8206,C:\dev\URPG Maker\imports\raw\more_assets_to_ingest\13-bridges-and-platforms-0490da9a8206,True,1,hold_quarantine,no_license_evidence,image_uncategorized:1
13-furniture-and-seating-b996158e8159,imports/raw/more_assets_to_ingest/13-furniture-and-seating-b996158e8159,C:\dev\URPG Maker\imports\raw\more_assets_to_ingest\13-furniture-and-seating-b996158e8159,True,1,hold_quarantine,no_license_evidence,image_uncategorized:1
13-garden-beds-c6b7e8cc5134,imports/raw/more_assets_to_ingest/13-garden-beds-c6b7e8cc5134,C:\dev\URPG Maker\imports\raw\more_assets_to_ingest\13-garden-beds-c6b7e8cc5134,True,1,hold_quarantine,no_license_evidence,image_uncategorized:1
13-lanterns-and-warmlights-b496171ee6cf,imports/raw/more_assets_to_ingest/13-lanterns-and-warmlights-b496171ee6cf,C:\dev\URPG Maker\imports\raw\more_assets_to_ingest\13-lanterns-and-warmlights-b496171ee6cf,True,1,hold_quarantine,no_license_evidence,image_uncategorized:1
14-banners-and-flags-14823dbf470c,imports/raw/more_assets_to_ingest/14-banners-and-flags-14823dbf470c,C:\dev\URPG Maker\imports\raw\more_assets_to_ingest\14-banners-and-flags-14823dbf470c,True,1,hold_quarantine,no_license_evidence,image_uncategorized:1
14-garden-furniture-cddb11c57131,imports/raw/more_assets_to_ingest/14-garden-furniture-cddb11c57131,C:\dev\URPG Maker\imports\raw\more_assets_to_ingest\14-garden-furniture-cddb11c57131,True,1,hold_quarantine,no_license_evidence,image_uncategorized:1
14-market-and-outdoor-props-db40867562ab,imports/raw/more_assets_to_ingest/14-market-and-outdoor-props-db40867562ab,C:\dev\URPG Maker\imports\raw\more_assets_to_ingest\14-market-and-outdoor-props-db40867562ab,True,1,hold_quarantine,no_license_evidence,image_uncategorized:1
14-shells-and-small-details-7c72e604e448,imports/raw/more_assets_to_ingest/14-shells-and-small-details-7c72e604e448,C:\dev\URPG Maker\imports\raw\more_assets_to_ingest\14-shells-and-small-details-7c72e604e448,True,1,hold_quarantine,no_license_evidence,image_uncategorized:1
15-benches-and-seating-977f11b0b80b,imports/raw/more_assets_to_ingest/15-benches-and-seating-977f11b0b80b,C:\dev\URPG Maker\imports\raw\more_assets_to_ingest\15-benches-and-seating-977f11b0b80b,True,1,hold_quarantine,no_license_evidence,image_uncategorized:1
15-mythological-symbols-e6a7c4985c99,imports/raw/more_assets_to_ingest/15-mythological-symbols-e6a7c4985c99,C:\dev\URPG Maker\imports\raw\more_assets_to_ingest\15-mythological-symbols-e6a7c4985c99,True,1,hold_quarantine,no_license_evidence,image_uncategorized:1
15-statues-and-ancient-relics-138f61ae465b,imports/raw/more_assets_to_ingest/15-statues-and-ancient-relics-138f61ae465b,C:\dev\URPG Maker\imports\raw\more_assets_to_ingest\15-statues-and-ancient-relics-138f61ae465b,True,1,hold_quarantine,no_license_evidence,image_uncategorized:1
15-winter-decorations-c0c94d07ab70,imports/raw/more_assets_to_ingest/15-winter-decorations-c0c94d07ab70,C:\dev\URPG Maker\imports\raw\more_assets_to_ingest\15-winter-decorations-c0c94d07ab70,True,1,hold_quarantine,no_license_evidence,image_uncategorized:1
16-interior-cabin-props-8fd85d36b1c2,imports/raw/more_assets_to_ingest/16-interior-cabin-props-8fd85d36b1c2,C:\dev\URPG Maker\imports\raw\more_assets_to_ingest\16-interior-cabin-props-8fd85d36b1c2,True,1,hold_quarantine,no_license_evidence,image_uncategorized:1
16-lamps-and-lights-219afbfe16ca,imports/raw/more_assets_to_ingest/16-lamps-and-lights-219afbfe16ca,C:\dev\URPG Maker\imports\raw\more_assets_to_ingest\16-lamps-and-lights-219afbfe16ca,True,1,hold_quarantine,no_license_evidence,image_uncategorized:1
16-lanterns-and-glow-lights-f2bf3307b8f5,imports/raw/more_assets_to_ingest/16-lanterns-and-glow-lights-f2bf3307b8f5,C:\dev\URPG Maker\imports\raw\more_assets_to_ingest\16-lanterns-and-glow-lights-f2bf3307b8f5,True,1,hold_quarantine,no_license_evidence,image_uncategorized:1
16-weapons-and-shields-50344499e75a,imports/raw/more_assets_to_ingest/16-weapons-and-shields-50344499e75a,C:\dev\URPG Maker\imports\raw\more_assets_to_ingest\16-weapons-and-shields-50344499e75a,True,1,hold_quarantine,no_license_evidence,image_uncategorized:1
17-barnacles-and-wall-detaills-6bab38c1f7c2,imports/raw/more_assets_to_ingest/17-barnacles-and-wall-detaills-6bab38c1f7c2,C:\dev\URPG Maker\imports\raw\more_assets_to_ingest\17-barnacles-and-wall-detaills-6bab38c1f7c2,True,1,hold_quarantine,no_license_evidence,tileset:1
17-mailboxes-and-birdhouses-4f5350d29ef0,imports/raw/more_assets_to_ingest/17-mailboxes-and-birdhouses-4f5350d29ef0,C:\dev\URPG Maker\imports\raw\more_assets_to_ingest\17-mailboxes-and-birdhouses-4f5350d29ef0,True,1,hold_quarantine,no_license_evidence,image_uncategorized:1
17-ruins-and-debris-9c698abd9f38,imports/raw/more_assets_to_ingest/17-ruins-and-debris-9c698abd9f38,C:\dev\URPG Maker\imports\raw\more_assets_to_ingest\17-ruins-and-debris-9c698abd9f38,True,1,hold_quarantine,no_license_evidence,ui:1
17-snow-effects-and-weather-964f079715d3,imports/raw/more_assets_to_ingest/17-snow-effects-and-weather-964f079715d3,C:\dev\URPG Maker\imports\raw\more_assets_to_ingest\17-snow-effects-and-weather-964f079715d3,True,1,hold_quarantine,no_license_evidence,vfx:1
18-crystals-and-bioluminescense-469cc97fc716,imports/raw/more_assets_to_ingest/18-crystals-and-bioluminescense-469cc97fc716,C:\dev\URPG Maker\imports\raw\more_assets_to_ingest\18-crystals-and-bioluminescense-469cc97fc716,True,1,hold_quarantine,no_license_evidence,image_uncategorized:1
18-nature-and-plants-47c3e05a8253,imports/raw/more_assets_to_ingest/18-nature-and-plants-47c3e05a8253,C:\dev\URPG Maker\imports\raw\more_assets_to_ingest\18-nature-and-plants-47c3e05a8253,True,1,hold_quarantine,no_license_evidence,image_uncategorized:1
18-pots-and-planters-c8f865e0ae28,imports/raw/more_assets_to_ingest/18-pots-and-planters-c8f865e0ae28,C:\dev\URPG Maker\imports\raw\more_assets_to_ingest\18-pots-and-planters-c8f865e0ae28,True,1,hold_quarantine,no_license_evidence,image_uncategorized:1
18-winter-food-and-drinks-b5674bad0cdd,imports/raw/more_assets_to_ingest/18-winter-food-and-drinks-b5674bad0cdd,C:\dev\URPG Maker\imports\raw\more_assets_to_ingest\18-winter-food-and-drinks-b5674bad0cdd,True,1,hold_quarantine,no_license_evidence,image_uncategorized:1
19-decor-and-homey-items-23eb95e281d6,imports/raw/more_assets_to_ingest/19-decor-and-homey-items-23eb95e281d6,C:\dev\URPG Maker\imports\raw\more_assets_to_ingest\19-decor-and-homey-items-23eb95e281d6,True,1,hold_quarantine,no_license_evidence,image_uncategorized:1
19-deep-sea-props-a8aaf8734e9e,imports/raw/more_assets_to_ingest/19-deep-sea-props-a8aaf8734e9e,C:\dev\URPG Maker\imports\raw\more_assets_to_ingest\19-deep-sea-props-a8aaf8734e9e,True,1,hold_quarantine,no_license_evidence,image_uncategorized:1
19-signs-and-village-boards-dbd1cc73ea98,imports/raw/more_assets_to_ingest/19-signs-and-village-boards-dbd1cc73ea98,C:\dev\URPG Maker\imports\raw\more_assets_to_ingest\19-signs-and-village-boards-dbd1cc73ea98,True,1,hold_quarantine,no_license_evidence,image_uncategorized:1
19-torches-and-braziers-cb861cc90d00,imports/raw/more_assets_to_ingest/19-torches-and-braziers-cb861cc90d00,C:\dev\URPG Maker\imports\raw\more_assets_to_ingest\19-torches-and-braziers-cb861cc90d00,True,1,hold_quarantine,no_license_evidence,image_uncategorized:1
2-coral-reef-tiles-7d6931a68038,imports/raw/more_assets_to_ingest/2-coral-reef-tiles-7d6931a68038,C:\dev\URPG Maker\imports\raw\more_assets_to_ingest\2-coral-reef-tiles-7d6931a68038,True,1,hold_quarantine,no_license_evidence,tileset:1
2-soil-and-dirt-tiles-0076387e9b48,imports/raw/more_assets_to_ingest/2-soil-and-dirt-tiles-0076387e9b48,C:\dev\URPG Maker\imports\raw\more_assets_to_ingest\2-soil-and-dirt-tiles-0076387e9b48,True,1,hold_quarantine,no_license_evidence,tileset:1
2-temple-wall-tiles-ba125f3044b5,imports/raw/more_assets_to_ingest/2-temple-wall-tiles-ba125f3044b5,C:\dev\URPG Maker\imports\raw\more_assets_to_ingest\2-temple-wall-tiles-ba125f3044b5,True,1,hold_quarantine,no_license_evidence,tileset:1
2-wall-tiles-and-snowy-edges-2ac14060ba0b,imports/raw/more_assets_to_ingest/2-wall-tiles-and-snowy-edges-2ac14060ba0b,C:\dev\URPG Maker\imports\raw\more_assets_to_ingest\2-wall-tiles-and-snowy-edges-2ac14060ba0b,True,1,hold_quarantine,no_license_evidence,tileset:1
20-divine-magical-tiles-0d96c4dbb68e,imports/raw/more_assets_to_ingest/20-divine-magical-tiles-0d96c4dbb68e,C:\dev\URPG Maker\imports\raw\more_assets_to_ingest\20-divine-magical-tiles-0d96c4dbb68e,True,1,hold_quarantine,no_license_evidence,tileset:1
20-extra-cozy-details-452bb1db9bc6,imports/raw/more_assets_to_ingest/20-extra-cozy-details-452bb1db9bc6,C:\dev\URPG Maker\imports\raw\more_assets_to_ingest\20-extra-cozy-details-452bb1db9bc6,True,1,hold_quarantine,no_license_evidence,image_uncategorized:1
20-special-magic-tiles-bfbb093049b8,imports/raw/more_assets_to_ingest/20-special-magic-tiles-bfbb093049b8,C:\dev\URPG Maker\imports\raw\more_assets_to_ingest\20-special-magic-tiles-bfbb093049b8,True,1,hold_quarantine,no_license_evidence,tileset:1
20-special-tiles-and-magic-ice-c2fc289d3d9a,imports/raw/more_assets_to_ingest/20-special-tiles-and-magic-ice-c2fc289d3d9a,C:\dev\URPG Maker\imports\raw\more_assets_to_ingest\20-special-tiles-and-magic-ice-c2fc289d3d9a,True,1,hold_quarantine,no_license_evidence,tileset:1
3-pillars-and-columns-692538968ec2,imports/raw/more_assets_to_ingest/3-pillars-and-columns-692538968ec2,C:\dev\URPG Maker\imports\raw\more_assets_to_ingest\3-pillars-and-columns-692538968ec2,True,1,hold_quarantine,no_license_evidence,image_uncategorized:1
3-seaweed-and-kelp-494908ef8323,imports/raw/more_assets_to_ingest/3-seaweed-and-kelp-494908ef8323,C:\dev\URPG Maker\imports\raw\more_assets_to_ingest\3-seaweed-and-kelp-494908ef8323,True,1,hold_quarantine,no_license_evidence,image_uncategorized:1
3-snow-paths-and-roads-5ac465ee18dd,imports/raw/more_assets_to_ingest/3-snow-paths-and-roads-5ac465ee18dd,C:\dev\URPG Maker\imports\raw\more_assets_to_ingest\3-snow-paths-and-roads-5ac465ee18dd,True,1,hold_quarantine,no_license_evidence,image_uncategorized:1
3-stone-paths-7b47b2cef531,imports/raw/more_assets_to_ingest/3-stone-paths-7b47b2cef531,C:\dev\URPG Maker\imports\raw\more_assets_to_ingest\3-stone-paths-7b47b2cef531,True,1,hold_quarantine,no_license_evidence,image_uncategorized:1
4-cabins-and-house-parts-1277629931ba,imports/raw/more_assets_to_ingest/4-cabins-and-house-parts-1277629931ba,C:\dev\URPG Maker\imports\raw\more_assets_to_ingest\4-cabins-and-house-parts-1277629931ba,True,1,hold_quarantine,no_license_evidence,image_uncategorized:1
4-flower-paths-ccd420aadae7,imports/raw/more_assets_to_ingest/4-flower-paths-ccd420aadae7,C:\dev\URPG Maker\imports\raw\more_assets_to_ingest\4-flower-paths-ccd420aadae7,True,1,hold_quarantine,no_license_evidence,image_uncategorized:1
4-temple-doors-and-gates-7c960c3f9f4e,imports/raw/more_assets_to_ingest/4-temple-doors-and-gates-7c960c3f9f4e,C:\dev\URPG Maker\imports\raw\more_assets_to_ingest\4-temple-doors-and-gates-7c960c3f9f4e,True,1,hold_quarantine,no_license_evidence,image_uncategorized:1
4-water-details-and-foam-bccaf7534ee9,imports/raw/more_assets_to_ingest/4-water-details-and-foam-bccaf7534ee9,C:\dev\URPG Maker\imports\raw\more_assets_to_ingest\4-water-details-and-foam-bccaf7534ee9,True,1,hold_quarantine,no_license_evidence,image_uncategorized:1
5-doors-and-arches-f1d68c527e5d,imports/raw/more_assets_to_ingest/5-doors-and-arches-f1d68c527e5d,C:\dev\URPG Maker\imports\raw\more_assets_to_ingest\5-doors-and-arches-f1d68c527e5d,True,1,hold_quarantine,no_license_evidence,image_uncategorized:1
5-rock-formations-fae815d72d21,imports/raw/more_assets_to_ingest/5-rock-formations-fae815d72d21,C:\dev\URPG Maker\imports\raw\more_assets_to_ingest\5-rock-formations-fae815d72d21,True,1,hold_quarantine,no_license_evidence,image_uncategorized:1
5-stairs-and-elevation-tiles-8ec1208b0310,imports/raw/more_assets_to_ingest/5-stairs-and-elevation-tiles-8ec1208b0310,C:\dev\URPG Maker\imports\raw\more_assets_to_ingest\5-stairs-and-elevation-tiles-8ec1208b0310,True,1,hold_quarantine,no_license_evidence,tileset:1
5-water-and-ponds-d74a6e6ca388,imports/raw/more_assets_to_ingest/5-water-and-ponds-d74a6e6ca388,C:\dev\URPG Maker\imports\raw\more_assets_to_ingest\5-water-and-ponds-d74a6e6ca388,True,1,hold_quarantine,no_license_evidence,image_uncategorized:1
6-cherry-blossom-trees-1e3e03e36c51,imports/raw/more_assets_to_ingest/6-cherry-blossom-trees-1e3e03e36c51,C:\dev\URPG Maker\imports\raw\more_assets_to_ingest\6-cherry-blossom-trees-1e3e03e36c51,True,1,hold_quarantine,no_license_evidence,image_uncategorized:1
6-frozen-trees-and-pines-f6a607475d14,imports/raw/more_assets_to_ingest/6-frozen-trees-and-pines-f6a607475d14,C:\dev\URPG Maker\imports\raw\more_assets_to_ingest\6-frozen-trees-and-pines-f6a607475d14,True,1,hold_quarantine,no_license_evidence,image_uncategorized:1
6-stone-paths-and-roads-1ae65ba3d753,imports/raw/more_assets_to_ingest/6-stone-paths-and-roads-1ae65ba3d753,C:\dev\URPG Maker\imports\raw\more_assets_to_ingest\6-stone-paths-and-roads-1ae65ba3d753,True,1,hold_quarantine,no_license_evidence,image_uncategorized:1
6-underwater-plants-bdcd3e1e63ec,imports/raw/more_assets_to_ingest/6-underwater-plants-bdcd3e1e63ec,C:\dev\URPG Maker\imports\raw\more_assets_to_ingest\6-underwater-plants-bdcd3e1e63ec,True,1,hold_quarantine,no_license_evidence,image_uncategorized:1
7-bushes-and-shrubs-498f308774ba,imports/raw/more_assets_to_ingest/7-bushes-and-shrubs-498f308774ba,C:\dev\URPG Maker\imports\raw\more_assets_to_ingest\7-bushes-and-shrubs-498f308774ba,True,1,hold_quarantine,no_license_evidence,image_uncategorized:1
7-bushes-and-snow-vegetation-17555a269967,imports/raw/more_assets_to_ingest/7-bushes-and-snow-vegetation-17555a269967,C:\dev\URPG Maker\imports\raw\more_assets_to_ingest\7-bushes-and-snow-vegetation-17555a269967,True,1,hold_quarantine,no_license_evidence,image_uncategorized:1
7-troplical-fish-and-sea-life-5f7edf1b2faf,imports/raw/more_assets_to_ingest/7-troplical-fish-and-sea-life-5f7edf1b2faf,C:\dev\URPG Maker\imports\raw\more_assets_to_ingest\7-troplical-fish-and-sea-life-5f7edf1b2faf,True,1,hold_quarantine,no_license_evidence,image_uncategorized:1
7-water-fountains-and-pools-a410744aad95,imports/raw/more_assets_to_ingest/7-water-fountains-and-pools-a410744aad95,C:\dev\URPG Maker\imports\raw\more_assets_to_ingest\7-water-fountains-and-pools-a410744aad95,True,1,hold_quarantine,no_license_evidence,image_uncategorized:1
8-olive-trees-and-sacred-trees-b2326c26ea6c,imports/raw/more_assets_to_ingest/8-olive-trees-and-sacred-trees-b2326c26ea6c,C:\dev\URPG Maker\imports\raw\more_assets_to_ingest\8-olive-trees-and-sacred-trees-b2326c26ea6c,True,1,hold_quarantine,no_license_evidence,image_uncategorized:1
8-rocks-and-frozen-cliffs-229a8ccf7c70,imports/raw/more_assets_to_ingest/8-rocks-and-frozen-cliffs-229a8ccf7c70,C:\dev\URPG Maker\imports\raw\more_assets_to_ingest\8-rocks-and-frozen-cliffs-229a8ccf7c70,True,1,hold_quarantine,no_license_evidence,image_uncategorized:1
8-treasure-and-loot-218f6d8a8b61,imports/raw/more_assets_to_ingest/8-treasure-and-loot-218f6d8a8b61,C:\dev\URPG Maker\imports\raw\more_assets_to_ingest\8-treasure-and-loot-218f6d8a8b61,True,1,hold_quarantine,no_license_evidence,image_uncategorized:1
8-trees-spring-26e6cfe56d30,imports/raw/more_assets_to_ingest/8-trees-spring-26e6cfe56d30,C:\dev\URPG Maker\imports\raw\more_assets_to_ingest\8-trees-spring-26e6cfe56d30,True,1,hold_quarantine,no_license_evidence,image_uncategorized:1
9-flowers-and-plants-db6bd30a986a,imports/raw/more_assets_to_ingest/9-flowers-and-plants-db6bd30a986a,C:\dev\URPG Maker\imports\raw\more_assets_to_ingest\9-flowers-and-plants-db6bd30a986a,True,1,hold_quarantine,no_license_evidence,image_uncategorized:1
9-ice-and-frozen-water-fe78bc407401,imports/raw/more_assets_to_ingest/9-ice-and-frozen-water-fe78bc407401,C:\dev\URPG Maker\imports\raw\more_assets_to_ingest\9-ice-and-frozen-water-fe78bc407401,True,1,hold_quarantine,no_license_evidence,image_uncategorized:1
9-statues-and-sculptures-d2492495f41d,imports/raw/more_assets_to_ingest/9-statues-and-sculptures-d2492495f41d,C:\dev\URPG Maker\imports\raw\more_assets_to_ingest\9-statues-and-sculptures-d2492495f41d,True,1,hold_quarantine,no_license_evidence,image_uncategorized:1
9-sunken-ruins-walls-1fc807353a3b,imports/raw/more_assets_to_ingest/9-sunken-ruins-walls-1fc807353a3b,C:\dev\URPG Maker\imports\raw\more_assets_to_ingest\9-sunken-ruins-walls-1fc807353a3b,True,1,hold_quarantine,no_license_evidence,tileset:1
banners-and-posters-530ce14fa478,imports/raw/more_assets_to_ingest/banners-and-posters-530ce14fa478,C:\dev\URPG Maker\imports\raw\more_assets_to_ingest\banners-and-posters-530ce14fa478,True,1,hold_quarantine,no_license_evidence,image_uncategorized:1
barrels-crates-and-objects-45356d291705,imports/raw/more_assets_to_ingest/barrels-crates-and-objects-45356d291705,C:\dev\URPG Maker\imports\raw\more_assets_to_ingest\barrels-crates-and-objects-45356d291705,True,1,hold_quarantine,no_license_evidence,image_uncategorized:1
barrels-crates-and-sacks-3b97ebee2af8,imports/raw/more_assets_to_ingest/barrels-crates-and-sacks-3b97ebee2af8,C:\dev\URPG Maker\imports\raw\more_assets_to_ingest\barrels-crates-and-sacks-3b97ebee2af8,True,1,hold_quarantine,no_license_evidence,image_uncategorized:1
blood-and-gore-813d8ebf391a,imports/raw/more_assets_to_ingest/blood-and-gore-813d8ebf391a,C:\dev\URPG Maker\imports\raw\more_assets_to_ingest\blood-and-gore-813d8ebf391a,True,1,hold_quarantine,no_license_evidence,image_uncategorized:1
bridges-and-railings-61ba7db454b0,imports/raw/more_assets_to_ingest/bridges-and-railings-61ba7db454b0,C:\dev\URPG Maker\imports\raw\more_assets_to_ingest\bridges-and-railings-61ba7db454b0,True,1,hold_quarantine,no_license_evidence,image_uncategorized:1
bridges-and-walkways-dfd3b513d129,imports/raw/more_assets_to_ingest/bridges-and-walkways-dfd3b513d129,C:\dev\URPG Maker\imports\raw\more_assets_to_ingest\bridges-and-walkways-dfd3b513d129,True,1,hold_quarantine,no_license_evidence,image_uncategorized:1
cargo-crates-and-containers-64adb941962a,imports/raw/more_assets_to_ingest/cargo-crates-and-containers-64adb941962a,C:\dev\URPG Maker\imports\raw\more_assets_to_ingest\cargo-crates-and-containers-64adb941962a,True,1,hold_quarantine,no_license_evidence,image_uncategorized:1
cat-pack-pochi-8f98a02f041b,imports/raw/more_assets_to_ingest/cat-pack-pochi-8f98a02f041b,C:\dev\URPG Maker\imports\raw\more_assets_to_ingest\cat-pack-pochi-8f98a02f041b,True,1,hold_quarantine,no_license_evidence,image_uncategorized:1
coffe-machines-brewing-tools-mugs-and-drink-props-177b7fb8796b,imports/raw/more_assets_to_ingest/coffe-machines-brewing-tools-mugs-and-drink-props-177b7fb8796b,C:\dev\URPG Maker\imports\raw\more_assets_to_ingest\coffe-machines-brewing-tools-mugs-and-drink-props-177b7fb8796b,True,1,hold_quarantine,no_license_evidence,image_uncategorized:1
containers-and-items-885eb13e7e62,imports/raw/more_assets_to_ingest/containers-and-items-885eb13e7e62,C:\dev\URPG Maker\imports\raw\more_assets_to_ingest\containers-and-items-885eb13e7e62,True,1,hold_quarantine,no_license_evidence,image_uncategorized:1
counters-bar-pieces-and-service-stations-fc509444e309,imports/raw/more_assets_to_ingest/counters-bar-pieces-and-service-stations-fc509444e309,C:\dev\URPG Maker\imports\raw\more_assets_to_ingest\counters-bar-pieces-and-service-stations-fc509444e309,True,1,hold_quarantine,no_license_evidence,image_uncategorized:1
decor-and-details-20a55adff2a0,imports/raw/more_assets_to_ingest/decor-and-details-20a55adff2a0,C:\dev\URPG Maker\imports\raw\more_assets_to_ingest\decor-and-details-20a55adff2a0,True,1,hold_quarantine,no_license_evidence,image_uncategorized:1
decorative-framed-garden-tiles-4071cf23fe95,imports/raw/more_assets_to_ingest/decorative-framed-garden-tiles-4071cf23fe95,C:\dev\URPG Maker\imports\raw\more_assets_to_ingest\decorative-framed-garden-tiles-4071cf23fe95,True,1,hold_quarantine,no_license_evidence,tileset:1
doors-and-arches-36029f617ac3,imports/raw/more_assets_to_ingest/doors-and-arches-36029f617ac3,C:\dev\URPG Maker\imports\raw\more_assets_to_ingest\doors-and-arches-36029f617ac3,True,1,hold_quarantine,no_license_evidence,image_uncategorized:1
doors-and-arches-7ea829470dd3,imports/raw/more_assets_to_ingest/doors-and-arches-7ea829470dd3,C:\dev\URPG Maker\imports\raw\more_assets_to_ingest\doors-and-arches-7ea829470dd3,True,1,hold_quarantine,no_license_evidence,image_uncategorized:1
doors-and-arches-a7c65f784571,imports/raw/more_assets_to_ingest/doors-and-arches-a7c65f784571,C:\dev\URPG Maker\imports\raw\more_assets_to_ingest\doors-and-arches-a7c65f784571,True,1,hold_quarantine,no_license_evidence,image_uncategorized:1
doors-and-structures-90ae436701b3,imports/raw/more_assets_to_ingest/doors-and-structures-90ae436701b3,C:\dev\URPG Maker\imports\raw\more_assets_to_ingest\doors-and-structures-90ae436701b3,True,1,hold_quarantine,no_license_evidence,image_uncategorized:1
exterior-cafe-props-awnings-windows-potted-plants-and-more-16041d8300cd,imports/raw/more_assets_to_ingest/exterior-cafe-props-awnings-windows-potted-plants-and-more-16041d8300cd,C:\dev\URPG Maker\imports\raw\more_assets_to_ingest\exterior-cafe-props-awnings-windows-potted-plants-and-more-16041d8300cd,True,1,hold_quarantine,no_license_evidence,image_uncategorized:1
floor-tiles-1-f6d206affa62,imports/raw/more_assets_to_ingest/floor-tiles-1-f6d206affa62,C:\dev\URPG Maker\imports\raw\more_assets_to_ingest\floor-tiles-1-f6d206affa62,True,1,hold_quarantine,no_license_evidence,tileset:1
floor-tiles-92be30d7f6b6,imports/raw/more_assets_to_ingest/floor-tiles-92be30d7f6b6,C:\dev\URPG Maker\imports\raw\more_assets_to_ingest\floor-tiles-92be30d7f6b6,True,1,hold_quarantine,no_license_evidence,tileset:1
floor-tiles-and-wall-tiles-b384fdb09b39,imports/raw/more_assets_to_ingest/floor-tiles-and-wall-tiles-b384fdb09b39,C:\dev\URPG Maker\imports\raw\more_assets_to_ingest\floor-tiles-and-wall-tiles-b384fdb09b39,True,1,hold_quarantine,no_license_evidence,tileset:1
floor-tiles-e1ee28d92e8b,imports/raw/more_assets_to_ingest/floor-tiles-e1ee28d92e8b,C:\dev\URPG Maker\imports\raw\more_assets_to_ingest\floor-tiles-e1ee28d92e8b,True,1,hold_quarantine,no_license_evidence,tileset:1
floor-walls-295bf6b6d8ba,imports/raw/more_assets_to_ingest/floor-walls-295bf6b6d8ba,C:\dev\URPG Maker\imports\raw\more_assets_to_ingest\floor-walls-295bf6b6d8ba,True,1,hold_quarantine,no_license_evidence,tileset:1
flowers-and-ground-cover-f59cd47415c1,imports/raw/more_assets_to_ingest/flowers-and-ground-cover-f59cd47415c1,C:\dev\URPG Maker\imports\raw\more_assets_to_ingest\flowers-and-ground-cover-f59cd47415c1,True,1,hold_quarantine,no_license_evidence,image_uncategorized:1
food-drink-and-cafe-props-9256542f9436,imports/raw/more_assets_to_ingest/food-drink-and-cafe-props-9256542f9436,C:\dev\URPG Maker\imports\raw\more_assets_to_ingest\food-drink-and-cafe-props-9256542f9436,True,1,hold_quarantine,no_license_evidence,image_uncategorized:1
forest-nature-pack-fda52ab2037c,imports/raw/more_assets_to_ingest/forest-nature-pack-fda52ab2037c,C:\dev\URPG Maker\imports\raw\more_assets_to_ingest\forest-nature-pack-fda52ab2037c,True,1,hold_quarantine,no_license_evidence,image_uncategorized:1
furniture-and-fixtures-ca0e48a09f8f,imports/raw/more_assets_to_ingest/furniture-and-fixtures-ca0e48a09f8f,C:\dev\URPG Maker\imports\raw\more_assets_to_ingest\furniture-and-fixtures-ca0e48a09f8f,True,1,hold_quarantine,no_license_evidence,image_uncategorized:1
furniture-and-fixtures-e1c58be8cd25,imports/raw/more_assets_to_ingest/furniture-and-fixtures-e1c58be8cd25,C:\dev\URPG Maker\imports\raw\more_assets_to_ingest\furniture-and-fixtures-e1c58be8cd25,True,1,hold_quarantine,no_license_evidence,image_uncategorized:1
furniture-and-interior-cc9632e134f6,imports/raw/more_assets_to_ingest/furniture-and-interior-cc9632e134f6,C:\dev\URPG Maker\imports\raw\more_assets_to_ingest\furniture-and-interior-cc9632e134f6,True,1,hold_quarantine,no_license_evidence,image_uncategorized:1
furniture-and-seating-c81ad41855ca,imports/raw/more_assets_to_ingest/furniture-and-seating-c81ad41855ca,C:\dev\URPG Maker\imports\raw\more_assets_to_ingest\furniture-and-seating-c81ad41855ca,True,1,hold_quarantine,no_license_evidence,image_uncategorized:1
furtniure-and-fixtures-428289fbb8e9,imports/raw/more_assets_to_ingest/furtniure-and-fixtures-428289fbb8e9,C:\dev\URPG Maker\imports\raw\more_assets_to_ingest\furtniure-and-fixtures-428289fbb8e9,True,1,hold_quarantine,no_license_evidence,image_uncategorized:1
interior-rooms-6a30539492a2,imports/raw/more_assets_to_ingest/interior-rooms-6a30539492a2,C:\dev\URPG Maker\imports\raw\more_assets_to_ingest\interior-rooms-6a30539492a2,True,1,hold_quarantine,no_license_evidence,image_uncategorized:1
jars-bottles-and-items-e1e6b1bde663,imports/raw/more_assets_to_ingest/jars-bottles-and-items-e1e6b1bde663,C:\dev\URPG Maker\imports\raw\more_assets_to_ingest\jars-bottles-and-items-e1e6b1bde663,True,1,hold_quarantine,no_license_evidence,image_uncategorized:1
jars-pots-and-items-39ea94c4e3e4,imports/raw/more_assets_to_ingest/jars-pots-and-items-39ea94c4e3e4,C:\dev\URPG Maker\imports\raw\more_assets_to_ingest\jars-pots-and-items-39ea94c4e3e4,True,1,hold_quarantine,no_license_evidence,image_uncategorized:1
jars-pots-and-urns-f6c8f93d9ae0,imports/raw/more_assets_to_ingest/jars-pots-and-urns-f6c8f93d9ae0,C:\dev\URPG Maker\imports\raw\more_assets_to_ingest\jars-pots-and-urns-f6c8f93d9ae0,True,1,hold_quarantine,no_license_evidence,image_uncategorized:1
lanterns-and-lights-5975026f1e26,imports/raw/more_assets_to_ingest/lanterns-and-lights-5975026f1e26,C:\dev\URPG Maker\imports\raw\more_assets_to_ingest\lanterns-and-lights-5975026f1e26,True,1,hold_quarantine,no_license_evidence,image_uncategorized:1
lightning-and-fx-2b443bef9b37,imports/raw/more_assets_to_ingest/lightning-and-fx-2b443bef9b37,C:\dev\URPG Maker\imports\raw\more_assets_to_ingest\lightning-and-fx-2b443bef9b37,True,1,hold_quarantine,no_license_evidence,image_uncategorized:1
lightning-and-fx-4a1b18007845,imports/raw/more_assets_to_ingest/lightning-and-fx-4a1b18007845,C:\dev\URPG Maker\imports\raw\more_assets_to_ingest\lightning-and-fx-4a1b18007845,True,1,hold_quarantine,no_license_evidence,image_uncategorized:1
lightning-fx-8f35f586d12f,imports/raw/more_assets_to_ingest/lightning-fx-8f35f586d12f,C:\dev\URPG Maker\imports\raw\more_assets_to_ingest\lightning-fx-8f35f586d12f,True,1,hold_quarantine,no_license_evidence,image_uncategorized:1
machines-and-tech-779a46f3627e,imports/raw/more_assets_to_ingest/machines-and-tech-779a46f3627e,C:\dev\URPG Maker\imports\raw\more_assets_to_ingest\machines-and-tech-779a46f3627e,True,1,hold_quarantine,no_license_evidence,image_uncategorized:1
magic-and-effects-0936bd39b3a0,imports/raw/more_assets_to_ingest/magic-and-effects-0936bd39b3a0,C:\dev\URPG Maker\imports\raw\more_assets_to_ingest\magic-and-effects-0936bd39b3a0,True,1,hold_quarantine,no_license_evidence,vfx:1
magic-crystal-and-lights-37fb7bc1d9d9,imports/raw/more_assets_to_ingest/magic-crystal-and-lights-37fb7bc1d9d9,C:\dev\URPG Maker\imports\raw\more_assets_to_ingest\magic-crystal-and-lights-37fb7bc1d9d9,True,1,hold_quarantine,no_license_evidence,vfx:1
magical-and-occult-893317544884,imports/raw/more_assets_to_ingest/magical-and-occult-893317544884,C:\dev\URPG Maker\imports\raw\more_assets_to_ingest\magical-and-occult-893317544884,True,1,hold_quarantine,no_license_evidence,vfx:1
micro-tiles-bade61e6442f,imports/raw/more_assets_to_ingest/micro-tiles-bade61e6442f,C:\dev\URPG Maker\imports\raw\more_assets_to_ingest\micro-tiles-bade61e6442f,True,1,hold_quarantine,no_license_evidence,tileset:1
miscellaneous-5fab74a3b41b,imports/raw/more_assets_to_ingest/miscellaneous-5fab74a3b41b,C:\dev\URPG Maker\imports\raw\more_assets_to_ingest\miscellaneous-5fab74a3b41b,True,1,hold_quarantine,no_license_evidence,image_uncategorized:1
miscellaneous-props-960ddbce9405,imports/raw/more_assets_to_ingest/miscellaneous-props-960ddbce9405,C:\dev\URPG Maker\imports\raw\more_assets_to_ingest\miscellaneous-props-960ddbce9405,True,1,hold_quarantine,no_license_evidence,image_uncategorized:1
miscellaneous-props-f8a7ee7f9cef,imports/raw/more_assets_to_ingest/miscellaneous-props-f8a7ee7f9cef,C:\dev\URPG Maker\imports\raw\more_assets_to_ingest\miscellaneous-props-f8a7ee7f9cef,True,1,hold_quarantine,no_license_evidence,image_uncategorized:1
occult-and-horror-elements-65dc9285a102,imports/raw/more_assets_to_ingest/occult-and-horror-elements-65dc9285a102,C:\dev\URPG Maker\imports\raw\more_assets_to_ingest\occult-and-horror-elements-65dc9285a102,True,1,hold_quarantine,no_license_evidence,image_uncategorized:1
pastries-desserts-plates-and-cafe-food-830473b533f3,imports/raw/more_assets_to_ingest/pastries-desserts-plates-and-cafe-food-830473b533f3,C:\dev\URPG Maker\imports\raw\more_assets_to_ingest\pastries-desserts-plates-and-cafe-food-830473b533f3,True,1,hold_quarantine,no_license_evidence,image_uncategorized:1
patch-1-c753f86136e7,imports/raw/more_assets_to_ingest/patch-1-c753f86136e7,C:\dev\URPG Maker\imports\raw\more_assets_to_ingest\patch-1-c753f86136e7,True,1,hold_quarantine,no_license_evidence,tileset:1
pillars-and-columns-0086c78b0bdc,imports/raw/more_assets_to_ingest/pillars-and-columns-0086c78b0bdc,C:\dev\URPG Maker\imports\raw\more_assets_to_ingest\pillars-and-columns-0086c78b0bdc,True,1,hold_quarantine,no_license_evidence,image_uncategorized:1
pipes-cables-and-vents-3e137f4db3bf,imports/raw/more_assets_to_ingest/pipes-cables-and-vents-3e137f4db3bf,C:\dev\URPG Maker\imports\raw\more_assets_to_ingest\pipes-cables-and-vents-3e137f4db3bf,True,1,hold_quarantine,no_license_evidence,image_uncategorized:1
plants-and-bushes-40568be64d66,imports/raw/more_assets_to_ingest/plants-and-bushes-40568be64d66,C:\dev\URPG Maker\imports\raw\more_assets_to_ingest\plants-and-bushes-40568be64d66,True,1,hold_quarantine,no_license_evidence,image_uncategorized:1
plants-and-flowers-bee41c1c1d29,imports/raw/more_assets_to_ingest/plants-and-flowers-bee41c1c1d29,C:\dev\URPG Maker\imports\raw\more_assets_to_ingest\plants-and-flowers-bee41c1c1d29,True,1,hold_quarantine,no_license_evidence,image_uncategorized:1
plants-and-greenery-691c047b4af8,imports/raw/more_assets_to_ingest/plants-and-greenery-691c047b4af8,C:\dev\URPG Maker\imports\raw\more_assets_to_ingest\plants-and-greenery-691c047b4af8,True,1,hold_quarantine,no_license_evidence,image_uncategorized:1
plants-decor-jars-boxes-and-small-interior-props-ee0d745d7117,imports/raw/more_assets_to_ingest/plants-decor-jars-boxes-and-small-interior-props-ee0d745d7117,C:\dev\URPG Maker\imports\raw\more_assets_to_ingest\plants-decor-jars-boxes-and-small-interior-props-ee0d745d7117,True,1,hold_quarantine,no_license_evidence,image_uncategorized:1
psychological-elements-1e8cb5dbe263,imports/raw/more_assets_to_ingest/psychological-elements-1e8cb5dbe263,C:\dev\URPG Maker\imports\raw\more_assets_to_ingest\psychological-elements-1e8cb5dbe263,True,1,hold_quarantine,no_license_evidence,image_uncategorized:1
rocks-and-stones-6c4d3c43e8d0,imports/raw/more_assets_to_ingest/rocks-and-stones-6c4d3c43e8d0,C:\dev\URPG Maker\imports\raw\more_assets_to_ingest\rocks-and-stones-6c4d3c43e8d0,True,1,hold_quarantine,no_license_evidence,image_uncategorized:1
rocks-and-stones-856181d9943b,imports/raw/more_assets_to_ingest/rocks-and-stones-856181d9943b,C:\dev\URPG Maker\imports\raw\more_assets_to_ingest\rocks-and-stones-856181d9943b,True,1,hold_quarantine,no_license_evidence,image_uncategorized:1
roof-tiles-67d40569eebc,imports/raw/more_assets_to_ingest/roof-tiles-67d40569eebc,C:\dev\URPG Maker\imports\raw\more_assets_to_ingest\roof-tiles-67d40569eebc,True,1,hold_quarantine,no_license_evidence,tileset:1
rooftop-and-building-tops-285823c85365,imports/raw/more_assets_to_ingest/rooftop-and-building-tops-285823c85365,C:\dev\URPG Maker\imports\raw\more_assets_to_ingest\rooftop-and-building-tops-285823c85365,True,1,hold_quarantine,no_license_evidence,ui:1
sakura-trees-afba66f7e83b,imports/raw/more_assets_to_ingest/sakura-trees-afba66f7e83b,C:\dev\URPG Maker\imports\raw\more_assets_to_ingest\sakura-trees-afba66f7e83b,True,1,hold_quarantine,no_license_evidence,image_uncategorized:1
service-stations-and-counters-5e7a7aec0c97,imports/raw/more_assets_to_ingest/service-stations-and-counters-5e7a7aec0c97,C:\dev\URPG Maker\imports\raw\more_assets_to_ingest\service-stations-and-counters-5e7a7aec0c97,True,1,hold_quarantine,no_license_evidence,image_uncategorized:1
shrine-gates-baaa6b380741,imports/raw/more_assets_to_ingest/shrine-gates-baaa6b380741,C:\dev\URPG Maker\imports\raw\more_assets_to_ingest\shrine-gates-baaa6b380741,True,1,hold_quarantine,no_license_evidence,image_uncategorized:1
signage-menus-and-cafe-accessories-4f8a13220fed,imports/raw/more_assets_to_ingest/signage-menus-and-cafe-accessories-4f8a13220fed,C:\dev\URPG Maker\imports\raw\more_assets_to_ingest\signage-menus-and-cafe-accessories-4f8a13220fed,True,1,hold_quarantine,no_license_evidence,image_uncategorized:1
signs-and-holograms-a9d18e25d9f4,imports/raw/more_assets_to_ingest/signs-and-holograms-a9d18e25d9f4,C:\dev\URPG Maker\imports\raw\more_assets_to_ingest\signs-and-holograms-a9d18e25d9f4,True,1,hold_quarantine,no_license_evidence,image_uncategorized:1
signs-and-misc-32069ac0c125,imports/raw/more_assets_to_ingest/signs-and-misc-32069ac0c125,C:\dev\URPG Maker\imports\raw\more_assets_to_ingest\signs-and-misc-32069ac0c125,True,1,hold_quarantine,no_license_evidence,image_uncategorized:1
skeletons-and-bones-35fdbb9ef507,imports/raw/more_assets_to_ingest/skeletons-and-bones-35fdbb9ef507,C:\dev\URPG Maker\imports\raw\more_assets_to_ingest\skeletons-and-bones-35fdbb9ef507,True,1,hold_quarantine,no_license_evidence,image_uncategorized:1
special-effects-82458baf1d4f,imports/raw/more_assets_to_ingest/special-effects-82458baf1d4f,C:\dev\URPG Maker\imports\raw\more_assets_to_ingest\special-effects-82458baf1d4f,True,1,hold_quarantine,no_license_evidence,vfx:1
special-tiles-5a2d9a1eb8c5,imports/raw/more_assets_to_ingest/special-tiles-5a2d9a1eb8c5,C:\dev\URPG Maker\imports\raw\more_assets_to_ingest\special-tiles-5a2d9a1eb8c5,True,1,hold_quarantine,no_license_evidence,tileset:1
special-tiles-5a834c874ed3,imports/raw/more_assets_to_ingest/special-tiles-5a834c874ed3,C:\dev\URPG Maker\imports\raw\more_assets_to_ingest\special-tiles-5a834c874ed3,True,1,hold_quarantine,no_license_evidence,tileset:1
special-tiles-90790b94966e,imports/raw/more_assets_to_ingest/special-tiles-90790b94966e,C:\dev\URPG Maker\imports\raw\more_assets_to_ingest\special-tiles-90790b94966e,True,1,hold_quarantine,no_license_evidence,tileset:1
stairs-ladders-and-railings-a5897ee337d9,imports/raw/more_assets_to_ingest/stairs-ladders-and-railings-a5897ee337d9,C:\dev\URPG Maker\imports\raw\more_assets_to_ingest\stairs-ladders-and-railings-a5897ee337d9,True,1,hold_quarantine,no_license_evidence,image_uncategorized:1
statues-and-figures-50a27ae8ab09,imports/raw/more_assets_to_ingest/statues-and-figures-50a27ae8ab09,C:\dev\URPG Maker\imports\raw\more_assets_to_ingest\statues-and-figures-50a27ae8ab09,True,1,hold_quarantine,no_license_evidence,image_uncategorized:1
statues-and-gargoyles-3ff8106b905d,imports/raw/more_assets_to_ingest/statues-and-gargoyles-3ff8106b905d,C:\dev\URPG Maker\imports\raw\more_assets_to_ingest\statues-and-gargoyles-3ff8106b905d,True,1,hold_quarantine,no_license_evidence,image_uncategorized:1
statues-and-monuments-50c4a3f458d7,imports/raw/more_assets_to_ingest/statues-and-monuments-50c4a3f458d7,C:\dev\URPG Maker\imports\raw\more_assets_to_ingest\statues-and-monuments-50c4a3f458d7,True,1,hold_quarantine,no_license_evidence,image_uncategorized:1
stone-patchs-and-walkways-60144a816f81,imports/raw/more_assets_to_ingest/stone-patchs-and-walkways-60144a816f81,C:\dev\URPG Maker\imports\raw\more_assets_to_ingest\stone-patchs-and-walkways-60144a816f81,True,1,hold_quarantine,no_license_evidence,image_uncategorized:1
stone-planers-and-raised-beds-3178a2f48757,imports/raw/more_assets_to_ingest/stone-planers-and-raised-beds-3178a2f48757,C:\dev\URPG Maker\imports\raw\more_assets_to_ingest\stone-planers-and-raised-beds-3178a2f48757,True,1,hold_quarantine,no_license_evidence,image_uncategorized:1
streets-props-and-urban-bdf4390e8885,imports/raw/more_assets_to_ingest/streets-props-and-urban-bdf4390e8885,C:\dev\URPG Maker\imports\raw\more_assets_to_ingest\streets-props-and-urban-bdf4390e8885,True,1,hold_quarantine,no_license_evidence,image_uncategorized:1
structures-and-columns-feb846dd54bb,imports/raw/more_assets_to_ingest/structures-and-columns-feb846dd54bb,C:\dev\URPG Maker\imports\raw\more_assets_to_ingest\structures-and-columns-feb846dd54bb,True,1,hold_quarantine,no_license_evidence,image_uncategorized:1
tables-chairs-and-sitting-790da58f43a7,imports/raw/more_assets_to_ingest/tables-chairs-and-sitting-790da58f43a7,C:\dev\URPG Maker\imports\raw\more_assets_to_ingest\tables-chairs-and-sitting-790da58f43a7,True,1,hold_quarantine,no_license_evidence,image_uncategorized:1
temple-building-parts-f653b224058c,imports/raw/more_assets_to_ingest/temple-building-parts-f653b224058c,C:\dev\URPG Maker\imports\raw\more_assets_to_ingest\temple-building-parts-f653b224058c,True,1,hold_quarantine,no_license_evidence,ui:1
traps-and-mechanism-82e5c19ea593,imports/raw/more_assets_to_ingest/traps-and-mechanism-82e5c19ea593,C:\dev\URPG Maker\imports\raw\more_assets_to_ingest\traps-and-mechanism-82e5c19ea593,True,1,hold_quarantine,no_license_evidence,image_uncategorized:1
traps-and-mechanism-a661c46254bc,imports/raw/more_assets_to_ingest/traps-and-mechanism-a661c46254bc,C:\dev\URPG Maker\imports\raw\more_assets_to_ingest\traps-and-mechanism-a661c46254bc,True,1,hold_quarantine,no_license_evidence,image_uncategorized:1
trees-and-vegetation-8958f27af80a,imports/raw/more_assets_to_ingest/trees-and-vegetation-8958f27af80a,C:\dev\URPG Maker\imports\raw\more_assets_to_ingest\trees-and-vegetation-8958f27af80a,True,1,hold_quarantine,no_license_evidence,image_uncategorized:1
vehicles-and-transports-d4c17ab596b8,imports/raw/more_assets_to_ingest/vehicles-and-transports-d4c17ab596b8,C:\dev\URPG Maker\imports\raw\more_assets_to_ingest\vehicles-and-transports-d4c17ab596b8,True,1,hold_quarantine,no_license_evidence,image_uncategorized:1
wall-and-floor-details-07299d26fcfb,imports/raw/more_assets_to_ingest/wall-and-floor-details-07299d26fcfb,C:\dev\URPG Maker\imports\raw\more_assets_to_ingest\wall-and-floor-details-07299d26fcfb,True,1,hold_quarantine,no_license_evidence,tileset:1
wall-and-floor-details-0af40a9f025a,imports/raw/more_assets_to_ingest/wall-and-floor-details-0af40a9f025a,C:\dev\URPG Maker\imports\raw\more_assets_to_ingest\wall-and-floor-details-0af40a9f025a,True,1,hold_quarantine,no_license_evidence,tileset:1
wall-and-floor-details-932fbd8a3571,imports/raw/more_assets_to_ingest/wall-and-floor-details-932fbd8a3571,C:\dev\URPG Maker\imports\raw\more_assets_to_ingest\wall-and-floor-details-932fbd8a3571,True,1,hold_quarantine,no_license_evidence,tileset:1
wall-and-floor-details-e9d53f8fa02a,imports/raw/more_assets_to_ingest/wall-and-floor-details-e9d53f8fa02a,C:\dev\URPG Maker\imports\raw\more_assets_to_ingest\wall-and-floor-details-e9d53f8fa02a,True,1,hold_quarantine,no_license_evidence,tileset:1
wall-tiles-41696c095bd6,imports/raw/more_assets_to_ingest/wall-tiles-41696c095bd6,C:\dev\URPG Maker\imports\raw\more_assets_to_ingest\wall-tiles-41696c095bd6,True,1,hold_quarantine,no_license_evidence,tileset:1
wall-tiles-6d2298023429,imports/raw/more_assets_to_ingest/wall-tiles-6d2298023429,C:\dev\URPG Maker\imports\raw\more_assets_to_ingest\wall-tiles-6d2298023429,True,1,hold_quarantine,no_license_evidence,tileset:1
wall-tiles-and-cliffs-00b0abab4f69,imports/raw/more_assets_to_ingest/wall-tiles-and-cliffs-00b0abab4f69,C:\dev\URPG Maker\imports\raw\more_assets_to_ingest\wall-tiles-and-cliffs-00b0abab4f69,True,1,hold_quarantine,no_license_evidence,tileset:1
wall-tiles-and-edges-28519664b778,imports/raw/more_assets_to_ingest/wall-tiles-and-edges-28519664b778,C:\dev\URPG Maker\imports\raw\more_assets_to_ingest\wall-tiles-and-edges-28519664b778,True,1,hold_quarantine,no_license_evidence,tileset:1
wall-tiles-and-edges-44044b997b86,imports/raw/more_assets_to_ingest/wall-tiles-and-edges-44044b997b86,C:\dev\URPG Maker\imports\raw\more_assets_to_ingest\wall-tiles-and-edges-44044b997b86,True,1,hold_quarantine,no_license_evidence,tileset:1
water-and-liquids-ef9988af64a4,imports/raw/more_assets_to_ingest/water-and-liquids-ef9988af64a4,C:\dev\URPG Maker\imports\raw\more_assets_to_ingest\water-and-liquids-ef9988af64a4,True,1,hold_quarantine,no_license_evidence,ui:1
water-and-ponds-50847365dc52,imports/raw/more_assets_to_ingest/water-and-ponds-50847365dc52,C:\dev\URPG Maker\imports\raw\more_assets_to_ingest\water-and-ponds-50847365dc52,True,1,hold_quarantine,no_license_evidence,image_uncategorized:1
wooden-and-nature-props-79ee1e2540a5,imports/raw/more_assets_to_ingest/wooden-and-nature-props-79ee1e2540a5,C:\dev\URPG Maker\imports\raw\more_assets_to_ingest\wooden-and-nature-props-79ee1e2540a5,True,1,hold_quarantine,no_license_evidence,image_uncategorized:1
