pack,file_count,total_bytes,promotion_recommendation,license_confidence,license_statuses,top_categories
bots-and-bolts-robot-0b4b52d5174a,350,808122,candidate_review,reviewable_license_text_present,commercial_use_stated_review_required,"sprite_or_character:348, license_or_readme:1, source_art:1"
dungeon-pack-free-version-1dac9c624af1,234,14921453,candidate_review,reviewable_license_text_present,commercial_use_stated_review_required;unknown_review_required,"tileset:141, sprite_or_character:88, license_or_readme:2, metadata:2"
farming-pack-free-version-0d25b506f7b5,211,11622118,candidate_review,reviewable_license_text_present,commercial_use_stated_review_required;unknown_review_required,"tileset:118, sprite_or_character:88, license_or_readme:2, metadata:2"
exterior-pack-free-version-89fca2d76b14,162,10905447,candidate_review,reviewable_license_text_present,commercial_use_stated_review_required,"tileset:139, sprite_or_character:20, image_uncategorized:1, license_or_readme:1"
character-pack-full-version-f1cc2853099b,137,362820,candidate_review,reviewable_license_text_present,commercial_use_stated_review_required,"sprite_or_character:104, metadata:32, license_or_readme:1"
overworld-pack-free-version-e2e019f48719,90,5242406,candidate_review,reviewable_license_text_present,commercial_use_stated_review_required,"tileset:67, sprite_or_character:20, image_uncategorized:1, license_or_readme:1"
package-marketplace-week40-0ff0c5f1aa47,76,16111765,candidate_review,reviewable_license_text_present,commercial_use_stated_review_required;unknown_review_required,"image_uncategorized:42, sprite_or_character:20, tileset:12, license_or_readme:2"
gigantic-tree-pack-free-version-5157ac448182,35,2857446,candidate_review,reviewable_license_text_present,commercial_use_stated_review_required,"sprite_or_character:20, tileset:12, image_uncategorized:1, license_or_readme:1"
isometric-tiles-town-pack-example-4598c75444ea,5,22991,candidate_review,reviewable_permissive_evidence,permissive_cc0_or_public_domain,"map_or_tileset_data:4, license_or_readme:1"
sbs-cubemap-splitter-61b2c81e11ae,3,25891358,candidate_review,reviewable_permissive_evidence,permissive_cc0_or_public_domain,"license_or_readme:2, binary_or_tool:1"
amir-forest-nature-pack-ec5f0fa5296f,502,53177316,hold_quarantine,needs_source_or_license_notes,,model_3d:502
rpg-effect-all-free-e5df337cf191,273,67948801,hold_quarantine,needs_source_or_license_notes,,vfx:273
armorr-all-56b78f4c5128,220,1596553,hold_quarantine,needs_source_or_license_notes,,image_uncategorized:220
100-character-head-sprites-pixel-art-asset-pack-890709438d67,215,1101961,hold_quarantine,needs_source_or_license_notes,,sprite_or_character:215
character-generator-aef4f7ee8881,203,1844106,hold_quarantine,needs_source_or_license_notes,,"sprite_or_character:201, source_art:2"
car-and-tank-part-all-a8cfc3e788ac,200,595501,hold_quarantine,needs_source_or_license_notes,,image_uncategorized:200
effect-and-fx-pixel-all-free-bb00acab48b9,196,29449154,hold_quarantine,needs_source_or_license_notes,,vfx:196
starter-tiles-platformer-e8a5cad5b8c1,179,81917,hold_quarantine,needs_source_or_license_notes,,tileset:179
170-block-textures-pixel-art-asset-pack-dcab0df71260,173,668463,hold_quarantine,needs_source_or_license_notes,,"image_uncategorized:168, tileset:5"
100-cars-vehicles-pixel-art-pack-c51bfaba9e18,124,894244,hold_quarantine,needs_source_or_license_notes,,image_uncategorized:124
pixel-avatar-frame-all-268d1c795b91,100,534496,hold_quarantine,needs_source_or_license_notes,,image_uncategorized:100
pixel-gate-all-2dd2925080a7,100,913993,hold_quarantine,needs_source_or_license_notes,,image_uncategorized:100
pixel-ui-icon-all-0110ed186696,100,376508,hold_quarantine,needs_source_or_license_notes,,ui:100
90-fishing-pixel-art-icons-5bf6daa1f748,90,83956,hold_quarantine,needs_source_or_license_notes,,"ui:89, sprite_or_character:1"
medal-icon-all-87736d39a2d4,80,531326,hold_quarantine,needs_source_or_license_notes,,ui:80
treasure-mirror-all-ac156882c17d,80,351901,hold_quarantine,needs_source_or_license_notes,,image_uncategorized:80
philippine-mythological-creature-sprites-f55b219b6145,74,544322,hold_quarantine,needs_source_or_license_notes,,sprite_or_character:74
shader-cylinder-64x96-all-free-b444f61fcd48,66,33415144,hold_quarantine,needs_source_or_license_notes,,image_uncategorized:66
48x48-shader-slash-free-0a3af61216f8,65,12424748,hold_quarantine,needs_source_or_license_notes,,image_uncategorized:65
trap-and-weapon-c0c5bfe3897b,64,403794,hold_quarantine,needs_source_or_license_notes,,"image_uncategorized:63, nested_archive:1"
environment-decor-all-eee509a21e3f,60,475123,hold_quarantine,needs_source_or_license_notes,,image_uncategorized:60
pixel-tree-all-6a9f77ccfbc9,60,395205,hold_quarantine,needs_source_or_license_notes,,image_uncategorized:60
retro-impact-effect-pack-all-2c0bb95415b8,60,6002451,hold_quarantine,needs_source_or_license_notes,,vfx:60
fantasy-structures-props-pixel-art-asset-pack-3bcd7adbf62e,56,1566808,hold_quarantine,needs_source_or_license_notes,,"image_uncategorized:54, ui:2"
alchemy-cauldrons-pixel-art-asset-pack-fe3e5092b2b7,53,132257,hold_quarantine,needs_source_or_license_notes,,"image_uncategorized:36, ui:17"
64x64-explo-and-power-free-c269ced7094c,52,20402660,hold_quarantine,needs_source_or_license_notes,,image_uncategorized:52
medievalfantasyadventurersprites-74041fa6864e,51,204413,hold_quarantine,needs_source_or_license_notes,,"sprite_or_character:48, tileset:3"
trap-e6da1fdf15a0,44,781621,hold_quarantine,needs_source_or_license_notes,,image_uncategorized:44
dark-rpg-gui-kit-pixel-art-asset-pack-c4fe646cab4e,43,264676,hold_quarantine,needs_source_or_license_notes,,"ui:39, portrait:3, sprite_or_character:1"
500-bullet-24x24-free-f00d92cd6bd0,41,9477596,hold_quarantine,needs_source_or_license_notes,,image_uncategorized:41
72-character-free-74b75dec4ddb,37,3840762,hold_quarantine,needs_source_or_license_notes,,sprite_or_character:37
junkyard-heroes-0cc3b1a72f2f,36,17142385,hold_quarantine,needs_source_or_license_notes,,"image_uncategorized:14, sprite_or_character:14, audio_music_or_ambient:4, portrait:4"
super-package-retro-pixel-effects-32x32-pack-2-free-1b098753cbd0,36,236972,hold_quarantine,needs_source_or_license_notes,,vfx:36
custom-border-and-panels-menu-all-part-34b7570151bb,35,4414121,hold_quarantine,needs_source_or_license_notes,,ui:35
super-retro-world-interior-pack-week42-d44d3f002d48,32,8387709,hold_quarantine,reviewable_license_text_present,unknown_review_required,"image_uncategorized:24, tileset:6, license_or_readme:1, nested_archive:1"
high-fantasy-heroes-ba708b186ecc,25,4616809,hold_quarantine,needs_source_or_license_notes,,"sprite_or_character:12, image_uncategorized:9, portrait:4"
cat-pixel-mega-pack-44e9b7faf009,24,40593,hold_quarantine,needs_source_or_license_notes,,image_uncategorized:24
puny-characters-861ad0bfcff9,24,560581,hold_quarantine,needs_source_or_license_notes,,sprite_or_character:24
bomb-trio-15a9a5f617ca,22,1877028,hold_quarantine,needs_source_or_license_notes,,image_uncategorized:22
valley-ruin-asset-pack-v0-3-9462cba01349,22,267158,hold_quarantine,needs_source_or_license_notes,,"tileset:10, ui:6, sprite_or_character:4, source_art:2"
adventure-character-16x16-5de188278627,21,308334,hold_quarantine,needs_source_or_license_notes,,sprite_or_character:21
cursed-trees-325ceed068dc,20,2366334,hold_quarantine,reviewable_license_text_present,attribution_required_review_required,"image_uncategorized:19, license_or_readme:1"
low-poly-food-assets-set-7c4692b0334b,20,2556360,hold_quarantine,needs_source_or_license_notes,,model_3d:20
masive-update-2-0-1000-assets-80d3c2d7191d,20,35372228,hold_quarantine,needs_source_or_license_notes,,"image_uncategorized:16, tileset:2, ui:1, vfx:1"
retro-pixel-ribbons-banners-and-frames-2-4e1baaceda18,19,842211,hold_quarantine,needs_source_or_license_notes,,image_uncategorized:19
pixel-enemy-platformer-919122b8b9ea,18,68037,hold_quarantine,needs_source_or_license_notes,,sprite_or_character:18
low-poly-props-set-e2af304e2b28,16,1283400,hold_quarantine,needs_source_or_license_notes,,model_3d:16
treasure-d42253f71917,16,50439,hold_quarantine,needs_source_or_license_notes,,image_uncategorized:16
puny-dungeon-v1-22fd85633ccd,15,142928,hold_quarantine,needs_source_or_license_notes,,"tileset:8, map_or_tileset_data:7"
cragnaw-0accf62a9626,13,17793545,hold_quarantine,reviewable_license_text_present,attribution_required_review_required,"image_uncategorized:12, license_or_readme:1"
dragon-boss-kamedran-734f295ef454,13,4347193,hold_quarantine,reviewable_license_text_present,attribution_required_review_required,"image_uncategorized:12, license_or_readme:1"
gaja-43c648a8d855,13,49676982,hold_quarantine,reviewable_license_text_present,attribution_required_review_required,"image_uncategorized:12, license_or_readme:1"
topdown-monsters-part-1-free-e2561ffb99f9,13,2858472,hold_quarantine,needs_source_or_license_notes,,sprite_or_character:13
animal-mega-pack-aa25ca37fc30,11,14759,hold_quarantine,needs_source_or_license_notes,,image_uncategorized:11
cat-pixel-mega-pack-materials-116d3cf56e03,11,17415,hold_quarantine,needs_source_or_license_notes,,"image_uncategorized:10, nested_archive:1"
cat-pack-halloween-edition-e2d6e6cb3bd6,10,67850,hold_quarantine,needs_source_or_license_notes,,"image_uncategorized:9, source_art:1"
factory-monster-pack-1-20abec1e1e29,10,120821,hold_quarantine,needs_source_or_license_notes,,sprite_or_character:10
free-effect-bullet-impact-explosion-32x32-v1-e6a15a0d34a0,10,1192852,hold_quarantine,needs_source_or_license_notes,,vfx:10
platformer-asset-all-dd9899062868,10,31763964,hold_quarantine,needs_source_or_license_notes,,image_uncategorized:10
super-retro-crawler-dungeon-07-4b60f9128658,10,63670,hold_quarantine,reviewable_license_text_present,commercial_use_stated_review_required,"image_uncategorized:8, license_or_readme:1, tileset:1"
dragon-sprites-pack-1-6c49e5b5cf62,9,3204781,hold_quarantine,needs_source_or_license_notes,,"sprite_or_character:8, metadata:1"
pixel-ui-pack-3-3266207a96af,9,78391,hold_quarantine,needs_source_or_license_notes,,ui:9
pixel-ui-pack-3-a240f85902c2,9,78391,hold_quarantine,needs_source_or_license_notes,,ui:9
punymonsters-20fd041baf87,9,136616,hold_quarantine,needs_source_or_license_notes,,sprite_or_character:9
tileset-demo-ae5898e508ba,9,165904,hold_quarantine,needs_source_or_license_notes,,"source_art:5, tileset:4"
16x16-assorted-rpg-icons-5b2e700739ee,8,273199,hold_quarantine,needs_source_or_license_notes,,ui:8
free-smoke-fx-pixel-2-7cd04ae6dc71,8,626288,hold_quarantine,needs_source_or_license_notes,,image_uncategorized:8
low-poly-horses-pack-a63d633ecd4c,8,5072432,hold_quarantine,needs_source_or_license_notes,,model_3d:8
summons-pack-1-03cadd9d015d,8,2794931,hold_quarantine,needs_source_or_license_notes,,"image_uncategorized:7, metadata:1"
ui-user-interface-mega-pack-3ace34ac0532,8,131805,hold_quarantine,needs_source_or_license_notes,,portrait:8
monsters-pack-e6a051a26a7c,7,594610,hold_quarantine,needs_source_or_license_notes,,"sprite_or_character:6, metadata:1"
puny-world-v1-218429e25d6d,7,211173,hold_quarantine,needs_source_or_license_notes,,"map_or_tileset_data:6, tileset:1"
cimson-gothic-castle-2-87d1ce2bc24c,6,14694074,hold_quarantine,needs_source_or_license_notes,,image_uncategorized:6
crimson-gothic-castle-3-114e62ba0060,6,18498922,hold_quarantine,needs_source_or_license_notes,,image_uncategorized:6
crimson-gothic-castle-4-a2d6a05605a8,6,17293491,hold_quarantine,needs_source_or_license_notes,,image_uncategorized:6
crimson-gothic-castle-5-d711242371fb,6,18135173,hold_quarantine,needs_source_or_license_notes,,image_uncategorized:6
plains-parallax-separate-layers-9b3f398cfdb4,6,20704,hold_quarantine,needs_source_or_license_notes,,background:6
16x16-weapons-rpg-icons-19a35361c9de,5,319560,hold_quarantine,needs_source_or_license_notes,,ui:5
hazmat-character-277ff4c3e0be,5,3144230,hold_quarantine,needs_source_or_license_notes,,"model_3d:2, binary_or_tool:1, source_art:1, sprite_or_character:1"
magic-shader-part-5-f6072eee5dcd,5,13140457,hold_quarantine,needs_source_or_license_notes,,vfx:5
pet-mobile-pixel-asset-pack-482f6baec0ed,5,37131,hold_quarantine,needs_source_or_license_notes,,image_uncategorized:5
cat-pack-mochi-716823b738d9,4,42286,hold_quarantine,needs_source_or_license_notes,,image_uncategorized:4
crimson-gothic-castle-ad30a78c75fa,4,4118187,hold_quarantine,needs_source_or_license_notes,,image_uncategorized:4
dragon-evolutions-4c3dc61dc043,4,581301,hold_quarantine,reviewable_license_text_present,attribution_required_review_required,"image_uncategorized:3, license_or_readme:1"
effect-and-bullet-16x16-29a4d863c0aa,4,143188,hold_quarantine,needs_source_or_license_notes,,vfx:4
goblin-gang-e1ce48f9d690,4,278838,hold_quarantine,reviewable_license_text_present,attribution_required_review_required,"image_uncategorized:3, license_or_readme:1"
patch-1-716309ce9841,4,4101744,hold_quarantine,needs_source_or_license_notes,,image_uncategorized:4
lowplycharacters-0-1-7cf1595239b1,3,2780248,hold_quarantine,needs_source_or_license_notes,,model_3d:3
amir-low-poly-modular-characters-across-time-f4ecdd2166a8,2,28435780,hold_quarantine,needs_source_or_license_notes,,model_3d:2
dog-mega-pack-48908044955e,2,9825,hold_quarantine,needs_source_or_license_notes,,image_uncategorized:2
elven-forest-asset-pack-b10b1cfc46bc,2,561293,hold_quarantine,needs_source_or_license_notes,,image_uncategorized:2
great-war-rpg-maker-houses-6efa86dd0b03,2,688401,hold_quarantine,needs_source_or_license_notes,,image_uncategorized:2
pixel-holy-spell-effect-32x32-pack-3-9a2962a4d643,2,74768,hold_quarantine,needs_source_or_license_notes,,vfx:2
zombie-dead-cats-537a22659faf,2,4517,hold_quarantine,needs_source_or_license_notes,,image_uncategorized:2
1-grass-tiles-6b1013749468,1,2171720,hold_quarantine,needs_source_or_license_notes,,tileset:1
1-marble-floor-tiles-71b5c65e13fb,1,2263111,hold_quarantine,needs_source_or_license_notes,,tileset:1
1-ocean-floor-tiles-c1ab45e4c72f,1,2310499,hold_quarantine,needs_source_or_license_notes,,tileset:1
1-snow-floor-tiles-01d72d36b3d7,1,2298671,hold_quarantine,needs_source_or_license_notes,,tileset:1
10-altars-and-offering-9d7470aea84e,1,1806709,hold_quarantine,needs_source_or_license_notes,,image_uncategorized:1
10-bridges-and-wooden-walkways-6e4d0b5f07bb,1,1841954,hold_quarantine,needs_source_or_license_notes,,image_uncategorized:1
10-petals-and-ground-details-7e3892394ad8,1,1249984,hold_quarantine,needs_source_or_license_notes,,image_uncategorized:1
10-ruins-pillars-and-columns-5001ebd19fa0,1,1447442,hold_quarantine,needs_source_or_license_notes,,ui:1
11-amphoras-and-pottery-541c10859454,1,1699180,hold_quarantine,needs_source_or_license_notes,,image_uncategorized:1
11-fences-and-gates-ecccbe7f98f2,1,1970533,hold_quarantine,needs_source_or_license_notes,,image_uncategorized:1
11-underwater-doors-and-gates-7a5747c3dc0d,1,2034799,hold_quarantine,needs_source_or_license_notes,,image_uncategorized:1
11-village-furniture-and-props-5356df3d9917,1,1625539,hold_quarantine,needs_source_or_license_notes,,image_uncategorized:1
12-bridges-and-boardwalks-e13de7b9eefb,1,2040298,hold_quarantine,needs_source_or_license_notes,,image_uncategorized:1
12-cave-entrances-7e65850c30bf,1,2173402,hold_quarantine,needs_source_or_license_notes,,image_uncategorized:1
12-crates-barrels-and-storage-3e7b7291aca3,1,2054002,hold_quarantine,needs_source_or_license_notes,,image_uncategorized:1
12-market-props-and-crates-a6e3414e0dab,1,1989884,hold_quarantine,needs_source_or_license_notes,,image_uncategorized:1
13-bridges-and-platforms-0490da9a8206,1,1955660,hold_quarantine,needs_source_or_license_notes,,image_uncategorized:1
13-furniture-and-seating-b996158e8159,1,1690598,hold_quarantine,needs_source_or_license_notes,,image_uncategorized:1
13-garden-beds-c6b7e8cc5134,1,2118742,hold_quarantine,needs_source_or_license_notes,,image_uncategorized:1
13-lanterns-and-warmlights-b496171ee6cf,1,1558230,hold_quarantine,needs_source_or_license_notes,,image_uncategorized:1
14-banners-and-flags-14823dbf470c,1,1783544,hold_quarantine,needs_source_or_license_notes,,image_uncategorized:1
14-garden-furniture-cddb11c57131,1,1596391,hold_quarantine,needs_source_or_license_notes,,image_uncategorized:1
14-market-and-outdoor-props-db40867562ab,1,1949897,hold_quarantine,needs_source_or_license_notes,,image_uncategorized:1
14-shells-and-small-details-7c72e604e448,1,1415364,hold_quarantine,needs_source_or_license_notes,,image_uncategorized:1
15-benches-and-seating-977f11b0b80b,1,1593787,hold_quarantine,needs_source_or_license_notes,,image_uncategorized:1
15-mythological-symbols-e6a7c4985c99,1,1405285,hold_quarantine,needs_source_or_license_notes,,image_uncategorized:1
15-statues-and-ancient-relics-138f61ae465b,1,1390784,hold_quarantine,needs_source_or_license_notes,,image_uncategorized:1
15-winter-decorations-c0c94d07ab70,1,1891211,hold_quarantine,needs_source_or_license_notes,,image_uncategorized:1
16-interior-cabin-props-8fd85d36b1c2,1,1935700,hold_quarantine,needs_source_or_license_notes,,image_uncategorized:1
16-lamps-and-lights-219afbfe16ca,1,1037585,hold_quarantine,needs_source_or_license_notes,,image_uncategorized:1
16-lanterns-and-glow-lights-f2bf3307b8f5,1,1208989,hold_quarantine,needs_source_or_license_notes,,image_uncategorized:1
16-weapons-and-shields-50344499e75a,1,1367740,hold_quarantine,needs_source_or_license_notes,,image_uncategorized:1
17-barnacles-and-wall-detaills-6bab38c1f7c2,1,1501797,hold_quarantine,needs_source_or_license_notes,,tileset:1
17-mailboxes-and-birdhouses-4f5350d29ef0,1,1381929,hold_quarantine,needs_source_or_license_notes,,image_uncategorized:1
17-ruins-and-debris-9c698abd9f38,1,1903875,hold_quarantine,needs_source_or_license_notes,,ui:1
17-snow-effects-and-weather-964f079715d3,1,1986962,hold_quarantine,needs_source_or_license_notes,,vfx:1
18-crystals-and-bioluminescense-469cc97fc716,1,1500237,hold_quarantine,needs_source_or_license_notes,,image_uncategorized:1
18-nature-and-plants-47c3e05a8253,1,2076108,hold_quarantine,needs_source_or_license_notes,,image_uncategorized:1
18-pots-and-planters-c8f865e0ae28,1,1787214,hold_quarantine,needs_source_or_license_notes,,image_uncategorized:1
18-winter-food-and-drinks-b5674bad0cdd,1,2235355,hold_quarantine,needs_source_or_license_notes,,image_uncategorized:1
19-decor-and-homey-items-23eb95e281d6,1,1646199,hold_quarantine,needs_source_or_license_notes,,image_uncategorized:1
19-deep-sea-props-a8aaf8734e9e,1,1281457,hold_quarantine,needs_source_or_license_notes,,image_uncategorized:1
19-signs-and-village-boards-dbd1cc73ea98,1,2000796,hold_quarantine,needs_source_or_license_notes,,image_uncategorized:1
19-torches-and-braziers-cb861cc90d00,1,1272826,hold_quarantine,needs_source_or_license_notes,,image_uncategorized:1
2-coral-reef-tiles-7d6931a68038,1,1724239,hold_quarantine,needs_source_or_license_notes,,tileset:1
2-soil-and-dirt-tiles-0076387e9b48,1,2226592,hold_quarantine,needs_source_or_license_notes,,tileset:1
2-temple-wall-tiles-ba125f3044b5,1,2009282,hold_quarantine,needs_source_or_license_notes,,tileset:1
2-wall-tiles-and-snowy-edges-2ac14060ba0b,1,1977570,hold_quarantine,needs_source_or_license_notes,,tileset:1
20-divine-magical-tiles-0d96c4dbb68e,1,1570731,hold_quarantine,needs_source_or_license_notes,,tileset:1
20-extra-cozy-details-452bb1db9bc6,1,1850854,hold_quarantine,needs_source_or_license_notes,,image_uncategorized:1
20-special-magic-tiles-bfbb093049b8,1,1924186,hold_quarantine,needs_source_or_license_notes,,tileset:1
20-special-tiles-and-magic-ice-c2fc289d3d9a,1,2534942,hold_quarantine,needs_source_or_license_notes,,tileset:1
3-pillars-and-columns-692538968ec2,1,1914275,hold_quarantine,needs_source_or_license_notes,,image_uncategorized:1
3-seaweed-and-kelp-494908ef8323,1,1664617,hold_quarantine,needs_source_or_license_notes,,image_uncategorized:1
3-snow-paths-and-roads-5ac465ee18dd,1,2311352,hold_quarantine,needs_source_or_license_notes,,image_uncategorized:1
3-stone-paths-7b47b2cef531,1,2450257,hold_quarantine,needs_source_or_license_notes,,image_uncategorized:1
4-cabins-and-house-parts-1277629931ba,1,1969065,hold_quarantine,needs_source_or_license_notes,,image_uncategorized:1
4-flower-paths-ccd420aadae7,1,2296322,hold_quarantine,needs_source_or_license_notes,,image_uncategorized:1
4-temple-doors-and-gates-7c960c3f9f4e,1,2070192,hold_quarantine,needs_source_or_license_notes,,image_uncategorized:1
4-water-details-and-foam-bccaf7534ee9,1,1076754,hold_quarantine,needs_source_or_license_notes,,image_uncategorized:1
5-doors-and-arches-f1d68c527e5d,1,2044500,hold_quarantine,needs_source_or_license_notes,,image_uncategorized:1
5-rock-formations-fae815d72d21,1,1427906,hold_quarantine,needs_source_or_license_notes,,image_uncategorized:1
5-stairs-and-elevation-tiles-8ec1208b0310,1,2033347,hold_quarantine,needs_source_or_license_notes,,tileset:1
5-water-and-ponds-d74a6e6ca388,1,2237329,hold_quarantine,needs_source_or_license_notes,,image_uncategorized:1
6-cherry-blossom-trees-1e3e03e36c51,1,2132045,hold_quarantine,needs_source_or_license_notes,,image_uncategorized:1
6-frozen-trees-and-pines-f6a607475d14,1,1889959,hold_quarantine,needs_source_or_license_notes,,image_uncategorized:1
6-stone-paths-and-roads-1ae65ba3d753,1,2665473,hold_quarantine,needs_source_or_license_notes,,image_uncategorized:1
6-underwater-plants-bdcd3e1e63ec,1,1530597,hold_quarantine,needs_source_or_license_notes,,image_uncategorized:1
7-bushes-and-shrubs-498f308774ba,1,2126465,hold_quarantine,needs_source_or_license_notes,,image_uncategorized:1
7-bushes-and-snow-vegetation-17555a269967,1,1838596,hold_quarantine,needs_source_or_license_notes,,image_uncategorized:1
7-troplical-fish-and-sea-life-5f7edf1b2faf,1,1310869,hold_quarantine,needs_source_or_license_notes,,image_uncategorized:1
7-water-fountains-and-pools-a410744aad95,1,2189602,hold_quarantine,needs_source_or_license_notes,,image_uncategorized:1
8-olive-trees-and-sacred-trees-b2326c26ea6c,1,2451127,hold_quarantine,needs_source_or_license_notes,,image_uncategorized:1
8-rocks-and-frozen-cliffs-229a8ccf7c70,1,2103978,hold_quarantine,needs_source_or_license_notes,,image_uncategorized:1
8-treasure-and-loot-218f6d8a8b61,1,1327479,hold_quarantine,needs_source_or_license_notes,,image_uncategorized:1
8-trees-spring-26e6cfe56d30,1,2232647,hold_quarantine,needs_source_or_license_notes,,image_uncategorized:1
9-flowers-and-plants-db6bd30a986a,1,1764754,hold_quarantine,needs_source_or_license_notes,,image_uncategorized:1
9-ice-and-frozen-water-fe78bc407401,1,1949470,hold_quarantine,needs_source_or_license_notes,,image_uncategorized:1
9-statues-and-sculptures-d2492495f41d,1,1835411,hold_quarantine,needs_source_or_license_notes,,image_uncategorized:1
9-sunken-ruins-walls-1fc807353a3b,1,1751339,hold_quarantine,needs_source_or_license_notes,,tileset:1
banners-and-posters-530ce14fa478,1,2394276,hold_quarantine,needs_source_or_license_notes,,image_uncategorized:1
barrels-crates-and-objects-45356d291705,1,2353396,hold_quarantine,needs_source_or_license_notes,,image_uncategorized:1
barrels-crates-and-sacks-3b97ebee2af8,1,1544124,hold_quarantine,needs_source_or_license_notes,,image_uncategorized:1
blood-and-gore-813d8ebf391a,1,2253051,hold_quarantine,needs_source_or_license_notes,,image_uncategorized:1
bridges-and-railings-61ba7db454b0,1,1315679,hold_quarantine,needs_source_or_license_notes,,image_uncategorized:1
bridges-and-walkways-dfd3b513d129,1,2294715,hold_quarantine,needs_source_or_license_notes,,image_uncategorized:1
cargo-crates-and-containers-64adb941962a,1,2087001,hold_quarantine,needs_source_or_license_notes,,image_uncategorized:1
cat-pack-pochi-8f98a02f041b,1,21594,hold_quarantine,needs_source_or_license_notes,,image_uncategorized:1
coffe-machines-brewing-tools-mugs-and-drink-props-177b7fb8796b,1,1328580,hold_quarantine,needs_source_or_license_notes,,image_uncategorized:1
containers-and-items-885eb13e7e62,1,1927667,hold_quarantine,needs_source_or_license_notes,,image_uncategorized:1
counters-bar-pieces-and-service-stations-fc509444e309,1,1615586,hold_quarantine,needs_source_or_license_notes,,image_uncategorized:1
decor-and-details-20a55adff2a0,1,1763085,hold_quarantine,needs_source_or_license_notes,,image_uncategorized:1
decorative-framed-garden-tiles-4071cf23fe95,1,2393845,hold_quarantine,needs_source_or_license_notes,,tileset:1
doors-and-arches-36029f617ac3,1,1781042,hold_quarantine,needs_source_or_license_notes,,image_uncategorized:1
doors-and-arches-7ea829470dd3,1,1929189,hold_quarantine,needs_source_or_license_notes,,image_uncategorized:1
doors-and-arches-a7c65f784571,1,1924423,hold_quarantine,needs_source_or_license_notes,,image_uncategorized:1
doors-and-structures-90ae436701b3,1,2108409,hold_quarantine,needs_source_or_license_notes,,image_uncategorized:1
exterior-cafe-props-awnings-windows-potted-plants-and-more-16041d8300cd,1,1503864,hold_quarantine,needs_source_or_license_notes,,image_uncategorized:1
floor-tiles-1-f6d206affa62,1,1682454,hold_quarantine,needs_source_or_license_notes,,tileset:1
floor-tiles-92be30d7f6b6,1,1617229,hold_quarantine,needs_source_or_license_notes,,tileset:1
floor-tiles-and-wall-tiles-b384fdb09b39,1,2190617,hold_quarantine,needs_source_or_license_notes,,tileset:1
floor-tiles-e1ee28d92e8b,1,2812163,hold_quarantine,needs_source_or_license_notes,,tileset:1
floor-walls-295bf6b6d8ba,1,1565350,hold_quarantine,needs_source_or_license_notes,,tileset:1
flowers-and-ground-cover-f59cd47415c1,1,1951880,hold_quarantine,needs_source_or_license_notes,,image_uncategorized:1
food-drink-and-cafe-props-9256542f9436,1,1840068,hold_quarantine,needs_source_or_license_notes,,image_uncategorized:1
forest-nature-pack-fda52ab2037c,1,54809,hold_quarantine,needs_source_or_license_notes,,image_uncategorized:1
furniture-and-fixtures-ca0e48a09f8f,1,1308604,hold_quarantine,needs_source_or_license_notes,,image_uncategorized:1
furniture-and-fixtures-e1c58be8cd25,1,2084203,hold_quarantine,needs_source_or_license_notes,,image_uncategorized:1
furniture-and-interior-cc9632e134f6,1,2026876,hold_quarantine,needs_source_or_license_notes,,image_uncategorized:1
furniture-and-seating-c81ad41855ca,1,1721016,hold_quarantine,needs_source_or_license_notes,,image_uncategorized:1
furtniure-and-fixtures-428289fbb8e9,1,1567308,hold_quarantine,needs_source_or_license_notes,,image_uncategorized:1
interior-rooms-6a30539492a2,1,2767489,hold_quarantine,needs_source_or_license_notes,,image_uncategorized:1
jars-bottles-and-items-e1e6b1bde663,1,1344009,hold_quarantine,needs_source_or_license_notes,,image_uncategorized:1
jars-pots-and-items-39ea94c4e3e4,1,1748436,hold_quarantine,needs_source_or_license_notes,,image_uncategorized:1
jars-pots-and-urns-f6c8f93d9ae0,1,1445290,hold_quarantine,needs_source_or_license_notes,,image_uncategorized:1
lanterns-and-lights-5975026f1e26,1,1395297,hold_quarantine,needs_source_or_license_notes,,image_uncategorized:1
lightning-and-fx-2b443bef9b37,1,1547404,hold_quarantine,needs_source_or_license_notes,,image_uncategorized:1
lightning-and-fx-4a1b18007845,1,962789,hold_quarantine,needs_source_or_license_notes,,image_uncategorized:1
lightning-fx-8f35f586d12f,1,824136,hold_quarantine,needs_source_or_license_notes,,image_uncategorized:1
machines-and-tech-779a46f3627e,1,1772818,hold_quarantine,needs_source_or_license_notes,,image_uncategorized:1
magic-and-effects-0936bd39b3a0,1,1977354,hold_quarantine,needs_source_or_license_notes,,vfx:1
magic-crystal-and-lights-37fb7bc1d9d9,1,1743590,hold_quarantine,needs_source_or_license_notes,,vfx:1
magical-and-occult-893317544884,1,1691398,hold_quarantine,needs_source_or_license_notes,,vfx:1
micro-tiles-bade61e6442f,1,1032355,hold_quarantine,needs_source_or_license_notes,,tileset:1
miscellaneous-5fab74a3b41b,1,1969104,hold_quarantine,needs_source_or_license_notes,,image_uncategorized:1
miscellaneous-props-960ddbce9405,1,1426763,hold_quarantine,needs_source_or_license_notes,,image_uncategorized:1
miscellaneous-props-f8a7ee7f9cef,1,2582567,hold_quarantine,needs_source_or_license_notes,,image_uncategorized:1
occult-and-horror-elements-65dc9285a102,1,2177102,hold_quarantine,needs_source_or_license_notes,,image_uncategorized:1
pastries-desserts-plates-and-cafe-food-830473b533f3,1,1554422,hold_quarantine,needs_source_or_license_notes,,image_uncategorized:1
patch-1-c753f86136e7,1,1931777,hold_quarantine,needs_source_or_license_notes,,tileset:1
pillars-and-columns-0086c78b0bdc,1,1025490,hold_quarantine,needs_source_or_license_notes,,image_uncategorized:1
pipes-cables-and-vents-3e137f4db3bf,1,1661906,hold_quarantine,needs_source_or_license_notes,,image_uncategorized:1
plants-and-bushes-40568be64d66,1,1611918,hold_quarantine,needs_source_or_license_notes,,image_uncategorized:1
plants-and-flowers-bee41c1c1d29,1,1678891,hold_quarantine,needs_source_or_license_notes,,image_uncategorized:1
plants-and-greenery-691c047b4af8,1,2315481,hold_quarantine,needs_source_or_license_notes,,image_uncategorized:1
plants-decor-jars-boxes-and-small-interior-props-ee0d745d7117,1,1300638,hold_quarantine,needs_source_or_license_notes,,image_uncategorized:1
psychological-elements-1e8cb5dbe263,1,1931712,hold_quarantine,needs_source_or_license_notes,,image_uncategorized:1
rocks-and-stones-6c4d3c43e8d0,1,1024154,hold_quarantine,needs_source_or_license_notes,,image_uncategorized:1
rocks-and-stones-856181d9943b,1,1859599,hold_quarantine,needs_source_or_license_notes,,image_uncategorized:1
roof-tiles-67d40569eebc,1,982810,hold_quarantine,needs_source_or_license_notes,,tileset:1
rooftop-and-building-tops-285823c85365,1,2327220,hold_quarantine,needs_source_or_license_notes,,ui:1
sakura-trees-afba66f7e83b,1,1863092,hold_quarantine,needs_source_or_license_notes,,image_uncategorized:1
service-stations-and-counters-5e7a7aec0c97,1,1796536,hold_quarantine,needs_source_or_license_notes,,image_uncategorized:1
shrine-gates-baaa6b380741,1,1852956,hold_quarantine,needs_source_or_license_notes,,image_uncategorized:1
signage-menus-and-cafe-accessories-4f8a13220fed,1,1350268,hold_quarantine,needs_source_or_license_notes,,image_uncategorized:1
signs-and-holograms-a9d18e25d9f4,1,2015319,hold_quarantine,needs_source_or_license_notes,,image_uncategorized:1
signs-and-misc-32069ac0c125,1,1796979,hold_quarantine,needs_source_or_license_notes,,image_uncategorized:1
skeletons-and-bones-35fdbb9ef507,1,1267722,hold_quarantine,needs_source_or_license_notes,,image_uncategorized:1
special-effects-82458baf1d4f,1,2109718,hold_quarantine,needs_source_or_license_notes,,vfx:1
special-tiles-5a2d9a1eb8c5,1,1422632,hold_quarantine,needs_source_or_license_notes,,tileset:1
special-tiles-5a834c874ed3,1,2871856,hold_quarantine,needs_source_or_license_notes,,tileset:1
special-tiles-90790b94966e,1,2502283,hold_quarantine,needs_source_or_license_notes,,tileset:1
stairs-ladders-and-railings-a5897ee337d9,1,1814192,hold_quarantine,needs_source_or_license_notes,,image_uncategorized:1
statues-and-figures-50a27ae8ab09,1,2061882,hold_quarantine,needs_source_or_license_notes,,image_uncategorized:1
statues-and-gargoyles-3ff8106b905d,1,2718838,hold_quarantine,needs_source_or_license_notes,,image_uncategorized:1
statues-and-monuments-50c4a3f458d7,1,1782647,hold_quarantine,needs_source_or_license_notes,,image_uncategorized:1
stone-patchs-and-walkways-60144a816f81,1,1604149,hold_quarantine,needs_source_or_license_notes,,image_uncategorized:1
stone-planers-and-raised-beds-3178a2f48757,1,1880389,hold_quarantine,needs_source_or_license_notes,,image_uncategorized:1
streets-props-and-urban-bdf4390e8885,1,1638799,hold_quarantine,needs_source_or_license_notes,,image_uncategorized:1
structures-and-columns-feb846dd54bb,1,2278578,hold_quarantine,needs_source_or_license_notes,,image_uncategorized:1
tables-chairs-and-sitting-790da58f43a7,1,1250635,hold_quarantine,needs_source_or_license_notes,,image_uncategorized:1
temple-building-parts-f653b224058c,1,1917574,hold_quarantine,needs_source_or_license_notes,,ui:1
traps-and-mechanism-82e5c19ea593,1,2133913,hold_quarantine,needs_source_or_license_notes,,image_uncategorized:1
traps-and-mechanism-a661c46254bc,1,1797700,hold_quarantine,needs_source_or_license_notes,,image_uncategorized:1
trees-and-vegetation-8958f27af80a,1,1997451,hold_quarantine,needs_source_or_license_notes,,image_uncategorized:1
vehicles-and-transports-d4c17ab596b8,1,1996738,hold_quarantine,needs_source_or_license_notes,,image_uncategorized:1
wall-and-floor-details-07299d26fcfb,1,1542183,hold_quarantine,needs_source_or_license_notes,,tileset:1
wall-and-floor-details-0af40a9f025a,1,1627989,hold_quarantine,needs_source_or_license_notes,,tileset:1
wall-and-floor-details-932fbd8a3571,1,1090327,hold_quarantine,needs_source_or_license_notes,,tileset:1
wall-and-floor-details-e9d53f8fa02a,1,2245467,hold_quarantine,needs_source_or_license_notes,,tileset:1
wall-tiles-41696c095bd6,1,2447799,hold_quarantine,needs_source_or_license_notes,,tileset:1
wall-tiles-6d2298023429,1,2228846,hold_quarantine,needs_source_or_license_notes,,tileset:1
wall-tiles-and-cliffs-00b0abab4f69,1,2362858,hold_quarantine,needs_source_or_license_notes,,tileset:1
wall-tiles-and-edges-28519664b778,1,1444427,hold_quarantine,needs_source_or_license_notes,,tileset:1
wall-tiles-and-edges-44044b997b86,1,1090177,hold_quarantine,needs_source_or_license_notes,,tileset:1
water-and-liquids-ef9988af64a4,1,2230765,hold_quarantine,needs_source_or_license_notes,,ui:1
water-and-ponds-50847365dc52,1,1883020,hold_quarantine,needs_source_or_license_notes,,image_uncategorized:1
wooden-and-nature-props-79ee1e2540a5,1,1833216,hold_quarantine,needs_source_or_license_notes,,image_uncategorized:1
